,date,open,high,low,close,volume,oi,SUPERT_7_3.0,SUPERTd_7_3.0,SUPERTl_7_3.0,SUPERTs_7_3.0,SUPERT_4_0.6,SUPERTd_4_0.6,SUPERTl_4_0.6,SUPERTs_4_0.6,SUPERT_10_1.2,SUPERTd_10_1.2,SUPERTl_10_1.2,SUPERTs_10_1.2,SUPERT_15_1.4,SUPERTd_15_1.4,SUPERTl_15_1.4,SUPERTs_15_1.4,SUPERT_4_0.4,SUPERTd_4_0.4,SUPERTl_4_0.4,SUPERTs_4_0.4,SMA_44,PSARl_0.02_0.2,PSARs_0.02_0.2,PSARaf_0.02_0.2,PSARr_0.02_0.2
0,2021-08-04 09:15:00+05:30,16195.25,16254.55,16188.55,16246.1,0,0,0.0,1,,,0.0,1,,,0.0,1,,,0.0,1,,,0.0,1,,,,,,0.02,False
1,2021-08-04 09:45:00+05:30,16245.35,16263.5,16235.55,16251.75,0,0,,1,,,,1,,,,1,,,,1,,,,1,,,,,,0.02,False
2,2021-08-04 10:15:00+05:30,16251.8,16286.0,16250.5,16283.15,0,0,,1,,,,1,,,,1,,,,1,,,,1,,,,,16254.55,0.02,True
3,2021-08-04 10:45:00+05:30,16283.6,16290.0,16265.1,16271.9,0,0,,1,,,16256.6844,1,16256.6844,,,1,,,,1,,,16263.639599999999,1,16263.639599999999,,,16250.5,,0.02,True
4,2021-08-04 11:15:00+05:30,16271.5,16271.6,16232.65,16233.35,0,0,,1,,,16273.870505761844,-1,,16273.870505761844,,1,,,,1,,,16266.622003841228,-1,,16266.622003841228,,,16290.0,0.02,True
5,2021-08-04 11:45:00+05:30,16233.05,16259.15,16204.7,16257.95,0,0,,1,,,16256.992953667952,-1,,16256.992953667952,,1,,,,1,,,16248.636969111969,-1,,16248.636969111969,,,16290.0,0.02,False
6,2021-08-04 12:15:00+05:30,16257.4,16266.8,16230.25,16250.5,0,0,16127.757325282788,1,16127.757325282788,,16256.992953667952,-1,,16256.992953667952,,1,,,,1,,,16232.416588363738,1,16232.416588363738,,,,16286.588,0.04,False
7,2021-08-04 12:45:00+05:30,16250.5,16253.0,16219.45,16236.4,0,0,16127.757325282788,1,16127.757325282788,,16256.992953667952,-1,,16256.992953667952,,1,,,,1,,,16232.416588363738,1,16232.416588363738,,,,16283.31248,0.04,False
8,2021-08-04 13:15:00+05:30,16236.25,16266.65,16236.25,16265.3,0,0,16139.595628731042,1,16139.595628731042,,16229.70573382936,1,16229.70573382936,,,1,,,,1,,,16236.953822552907,1,16236.953822552907,,,,16280.1679808,0.04,False
9,2021-08-04 13:45:00+05:30,16266.7,16271.0,16254.8,16265.25,0,0,16162.543095950408,1,16162.543095950408,,16244.341184282996,1,16244.341184282996,,16221.612456714392,1,16221.612456714392,,,1,,,16250.527456188664,1,16250.527456188664,,,,16277.149261568,0.04,False
10,2021-08-04 14:15:00+05:30,16266.6,16285.05,16250.45,16255.7,0,0,16166.790697992816,1,16166.790697992816,,16248.616621473844,1,16248.616621473844,,16226.428580249227,1,16226.428580249227,,,1,,,16254.994414315895,1,16254.994414315895,,,16204.7,,0.04,True
11,2021-08-04 14:45:00+05:30,16254.55,16268.8,16247.25,16265.7,0,0,16166.790697992816,1,16166.790697992816,,16248.616621473844,1,16248.616621473844,,16226.428580249227,1,16226.428580249227,,,1,,,16254.994414315895,1,16254.994414315895,,,16206.307,,0.02,False
12,2021-08-04 15:15:00+05:30,16265.2,16266.75,16245.6,16253.0,0,0,16166.790697992816,1,16166.790697992816,,16248.616621473844,1,16248.616621473844,,16226.428580249227,1,16226.428580249227,,,1,,,16267.03626302373,-1,,16267.03626302373,,16207.881860000001,,0.02,False
13,2021-08-05 09:15:00+05:30,16288.95,16293.3,16211.2,16251.85,0,0,16166.790697992816,1,16166.790697992816,,16248.616621473844,1,16248.616621473844,,16226.428580249227,1,16226.428580249227,,,1,,,16267.03626302373,-1,,16267.03626302373,,16209.4252228,,0.02,False
14,2021-08-05 09:45:00+05:30,16250.8,16275.05,16231.25,16239.1,0,0,16166.790697992816,1,16166.790697992816,,16278.23798691381,-1,,16278.23798691381,16226.428580249227,1,16226.428580249227,,16199.792931595592,1,16199.792931595592,,16267.03626302373,-1,,16267.03626302373,,16211.2,,0.04,False
15,2021-08-05 10:15:00+05:30,16240.35,16251.5,16221.1,16237.6,0,0,16166.790697992816,1,16166.790697992816,,16259.658657818907,-1,,16259.658657818907,16226.428580249227,1,16226.428580249227,,16199.792931595592,1,16199.792931595592,,16251.872438545937,-1,,16251.872438545937,,16211.2,,0.04,False
16,2021-08-05 10:45:00+05:30,16238.1,16249.85,16232.6,16239.3,0,0,16166.790697992816,1,16166.790697992816,,16259.658657818907,-1,,16259.658657818907,16226.428580249227,1,16226.428580249227,,16199.792931595592,1,16199.792931595592,,16251.872438545937,-1,,16251.872438545937,,16214.484,,0.04,False
17,2021-08-05 11:15:00+05:30,16239.0,16267.25,16237.4,16260.65,0,0,16166.790697992816,1,16166.790697992816,,16232.7891820398,1,16232.7891820398,,16226.428580249227,1,16226.428580249227,,16203.489432111066,1,16203.489432111066,,16239.301121359866,1,16239.301121359866,,,16217.63664,,0.04,False
18,2021-08-05 11:45:00+05:30,16260.3,16280.1,16253.75,16279.25,0,0,16168.611473056204,1,16168.611473056204,,16248.32459170625,1,16248.32459170625,,16226.713943171297,1,16226.713943171297,,16219.179734534466,1,16219.179734534466,,16254.524727804168,1,16254.524727804168,,,16220.6631744,,0.04,False
19,2021-08-05 12:15:00+05:30,16279.45,16292.75,16267.35,16290.35,0,0,16185.047251383392,1,16185.047251383392,,16262.292366396849,1,16262.292366396849,,16240.94672985292,1,16240.94672985292,,16233.390205789201,1,16233.390205789201,,16268.211577597898,1,16268.211577597898,,,16223.568647424001,,0.04,False
20,2021-08-05 12:45:00+05:30,16290.4,16334.85,16287.25,16329.05,0,0,16208.939931853032,1,16208.939931853032,,16290.58533637319,1,16290.58533637319,,16269.923698861572,1,16269.923698861572,,16262.64937518812,1,16262.64937518812,,16297.40689091546,1,16297.40689091546,,,16226.35790152704,,0.04,False
21,2021-08-05 13:15:00+05:30,16328.65,16336.8,16321.35,16326.25,0,0,16235.208159010395,1,16235.208159010395,,16311.414003480108,1,16311.414003480108,,16290.454048519732,1,16290.454048519732,,16282.960071939484,1,16282.960071939484,,16317.301002320071,1,16317.301002320071,,,16232.867427435418,,0.06,False
22,2021-08-05 13:45:00+05:30,16326.9,16347.3,16305.65,16337.5,0,0,16235.208159010395,1,16235.208159010395,,16311.414003480108,1,16311.414003480108,,16290.454048519732,1,16290.454048519732,,16282.960071939484,1,16282.960071939484,,16317.301002320071,1,16317.301002320071,,,16241.182033240584,,0.08,False
23,2021-08-05 14:15:00+05:30,16337.3,16348.45,16303.95,16319.5,0,0,16235.208159010395,1,16235.208159010395,,16311.414003480108,1,16311.414003480108,,16290.454048519732,1,16290.454048519732,,16282.960071939484,1,16282.960071939484,,16317.301002320071,1,16317.301002320071,,,16251.793829916525,,0.1,False
24,2021-08-05 14:45:00+05:30,16318.9,16325.5,16284.35,16284.35,0,0,16235.208159010395,1,16235.208159010395,,16327.07207762782,-1,,16327.07207762782,16347.129301614146,-1,,16347.129301614146,16282.960071939484,1,16282.960071939484,,16319.689718418547,-1,,16319.689718418547,,16263.392570326543,,0.12000000000000001,False
25,2021-08-05 15:15:00+05:30,16283.45,16292.2,16275.45,16281.8,0,0,16235.208159010395,1,16235.208159010395,,16302.946100336305,-1,,16302.946100336305,16323.666188798585,-1,,16323.666188798585,16330.905759227497,-1,,16330.905759227497,16296.572400224204,-1,,16296.572400224204,,16273.599461887357,,0.12000000000000001,False
26,2021-08-06 09:15:00+05:30,16304.4,16327.3,16276.25,16307.55,0,0,16235.208159010395,1,16235.208159010395,,16279.775456286297,1,16279.775456286297,,16323.666188798585,-1,,16323.666188798585,16330.905759227497,-1,,16330.905759227497,16287.108637524198,1,16287.108637524198,,,,16348.45,0.12000000000000001,True
27,2021-08-06 09:45:00+05:30,16308.1,16336.4,16289.55,16315.95,0,0,16235.208159010395,1,16235.208159010395,,16289.447357074898,1,16289.447357074898,,16323.666188798585,-1,,16323.666188798585,16330.905759227497,-1,,16330.905759227497,16297.289904716597,1,16297.289904716597,,,,16347.006000000001,0.02,False
28,2021-08-06 10:15:00+05:30,16317.25,16327.9,16241.5,16258.55,0,0,16235.208159010395,1,16235.208159010395,,16315.307417955191,-1,,16315.307417955191,16334.608258576762,-1,,16334.608258576762,16340.445876863501,-1,,16340.445876863501,16305.104945303461,-1,,16305.104945303461,,,16345.590880000002,0.02,False
29,2021-08-06 10:45:00+05:30,16259.15,16280.7,16237.0,16270.15,0,0,16235.208159010395,1,16235.208159010395,,16288.36036755284,-1,,16288.36036755284,16309.022640160654,-1,,16309.022640160654,16315.01047994234,-1,,16315.01047994234,16278.52357836856,-1,,16278.52357836856,,,16341.427244800001,0.04,False
30,2021-08-06 11:15:00+05:30,16270.4,16286.95,16240.5,16242.3,0,0,16235.208159010395,1,16235.208159010395,,16288.36036755284,-1,,16288.36036755284,16309.022640160654,-1,,16309.022640160654,16315.01047994234,-1,,16315.01047994234,16278.52357836856,-1,,16278.52357836856,,,16335.161610112002,0.06,False
31,2021-08-06 11:45:00+05:30,16241.3,16285.8,16240.7,16280.35,0,0,16235.208159010395,1,16235.208159010395,,16288.36036755284,-1,,16288.36036755284,16309.022640160654,-1,,16309.022640160654,16315.01047994234,-1,,16315.01047994234,16244.189923795466,1,16244.189923795466,,,,16329.271913505281,0.06,False
32,2021-08-06 12:15:00+05:30,16279.7,16283.15,16263.35,16274.15,0,0,16235.208159010395,1,16235.208159010395,,16288.36036755284,-1,,16288.36036755284,16309.022640160654,-1,,16309.022640160654,16315.01047994234,-1,,16315.01047994234,16256.975152683848,1,16256.975152683848,,,,16323.735598694964,0.06,False
33,2021-08-06 12:45:00+05:30,16274.0,16276.8,16247.65,16259.85,0,0,16235.208159010395,1,16235.208159010395,,16284.906605440297,-1,,16284.906605440297,16309.022640160654,-1,,16309.022640160654,16315.01047994234,-1,,16315.01047994234,16256.975152683848,1,16256.975152683848,,,,16318.531462773266,0.06,False
34,2021-08-06 13:15:00+05:30,16260.05,16274.0,16242.25,16264.95,0,0,16235.208159010395,1,16235.208159010395,,16279.898665603216,-1,,16279.898665603216,16304.13238897409,-1,,16304.13238897409,16311.473643871259,-1,,16311.473643871259,16256.975152683848,1,16256.975152683848,,,,16313.63957500687,0.06,False
35,2021-08-06 13:45:00+05:30,16264.6,16272.4,16248.6,16259.85,0,0,16235.208159010395,1,16235.208159010395,,16279.898665603216,-1,,16279.898665603216,16304.13238897409,-1,,16304.13238897409,16311.473643871259,-1,,16311.473643871259,16256.975152683848,1,16256.975152683848,,,,16309.041200506457,0.06,False
36,2021-08-06 14:15:00+05:30,16259.0,16273.1,16254.95,16256.35,0,0,16235.208159010395,1,16235.208159010395,,16279.898665603216,-1,,16279.898665603216,16304.13238897409,-1,,16304.13238897409,16311.473643871259,-1,,16311.473643871259,16275.790059030054,-1,,16275.790059030054,,,16304.71872847607,0.06,False
37,2021-08-06 14:45:00+05:30,16256.45,16261.0,16224.0,16230.4,0,0,16344.674466357268,-1,,16344.674466357268,16261.285711756602,-1,,16261.285711756602,16284.683162055413,-1,,16284.683162055413,16292.608356871067,-1,,16292.608356871067,16255.023807837735,-1,,16255.023807837735,,,16300.655604767506,0.06,False
38,2021-08-06 15:15:00+05:30,16229.25,16256.1,16226.95,16254.7,0,0,16341.590806026526,-1,,16341.590806026526,16259.986779473915,-1,,16259.986779473915,16282.975818421512,-1,,16282.975818421512,16290.968358262038,-1,,16290.968358262038,16253.83285298261,-1,,16253.83285298261,,,16294.523156386105,0.08,False
39,2021-08-09 09:15:00+05:30,16281.35,16308.55,16256.45,16303.15,0,0,16341.590806026526,-1,,16341.590806026526,16260.576130577761,1,16260.576130577761,,16238.697503542882,1,16238.697503542882,,16231.209952033012,1,16231.209952033012,,16267.884087051842,1,16267.884087051842,,,16224.0,,0.08,True
40,2021-08-09 09:45:00+05:30,16303.15,16320.45,16295.1,16300.0,0,0,16341.590806026526,-1,,16341.590806026526,16287.529610593156,1,16287.529610593156,,16265.328795664165,1,16265.328795664165,,16257.604438056782,1,16257.604438056782,,16294.27807372877,1,16294.27807372877,,,16225.691,,0.02,False
41,2021-08-09 10:15:00+05:30,16299.3,16312.45,16284.25,16290.7,0,0,16341.590806026526,-1,,16341.590806026526,16287.529610593156,1,16287.529610593156,,16265.328795664165,1,16265.328795664165,,16257.604438056782,1,16257.604438056782,,16311.292691568213,-1,,16311.292691568213,,16229.481360000002,,0.04,False
42,2021-08-09 10:45:00+05:30,16289.6,16293.3,16271.8,16289.5,0,0,16341.590806026526,-1,,16341.590806026526,16287.529610593156,1,16287.529610593156,,16265.328795664165,1,16265.328795664165,,16257.604438056782,1,16257.604438056782,,16294.407014070039,-1,,16294.407014070039,,16233.1201056,,0.04,False
43,2021-08-09 11:15:00+05:30,16289.45,16299.6,16275.55,16277.2,0,0,16341.590806026526,-1,,16341.590806026526,16304.521638159498,-1,,16304.521638159498,16265.328795664165,1,16265.328795664165,,16257.604438056782,1,16257.604438056782,,16294.407014070039,-1,,16294.407014070039,16271.551136363636,16236.613301376,,0.04,False
44,2021-08-09 11:45:00+05:30,16277.35,16277.75,16250.25,16259.3,0,0,16341.590806026526,-1,,16341.590806026526,16280.83497835315,-1,,16280.83497835315,16302.26661132925,-1,,16302.26661132925,16257.604438056782,1,16257.604438056782,,16275.2233189021,-1,,16275.2233189021,16271.851136363637,16239.966769320961,,0.04,False
45,2021-08-09 12:15:00+05:30,16259.0,16264.9,16228.25,16264.2,0,0,16340.470601466408,-1,,16340.470601466408,16264.698736071554,-1,,16264.698736071554,16285.417473691472,-1,,16285.417473691472,16257.604438056782,1,16257.604438056782,,16258.65749071437,-1,,16258.65749071437,16272.134090909092,,16320.45,0.04,True
46,2021-08-09 12:45:00+05:30,16263.9,16265.1,16224.1,16241.5,0,0,16340.470601466408,-1,,16340.470601466408,16264.34280422709,-1,,16264.34280422709,16284.485600866872,-1,,16284.485600866872,16292.127956654362,-1,,16292.127956654362,16257.761869484726,-1,,16257.761869484726,16271.1875,,16318.606000000002,0.02,False
47,2021-08-09 13:15:00+05:30,16241.65,16245.8,16188.4,16196.6,0,0,16325.754776528178,-1,,16325.754776528178,16240.517106869582,-1,,16240.517106869582,16259.90360713619,-1,,16259.90360713619,16266.899572872182,-1,,16266.899572872182,16232.71140457972,-1,,16232.71140457972,16269.476136363635,,16314.825760000002,0.04,False
48,2021-08-09 13:45:00+05:30,16196.85,16232.7,16179.25,16230.75,0,0,16322.018682701104,-1,,16322.018682701104,16231.555331785628,-1,,16231.555331785628,16250.924534899577,-1,,16250.924534899577,16257.502045811416,-1,,16257.502045811416,16223.028554523753,-1,,16223.028554523753,16269.417045454546,,16307.2402144,0.06,False
49,2021-08-09 14:15:00+05:30,16230.2,16246.2,16215.25,16222.65,0,0,16322.018682701104,-1,,16322.018682701104,16231.555331785628,-1,,16231.555331785628,16250.924534899577,-1,,16250.924534899577,16257.502045811416,-1,,16257.502045811416,16223.028554523753,-1,,16223.028554523753,16268.614772727275,,16297.000997248,0.08,False
50,2021-08-09 14:45:00+05:30,16222.6,16270.35,16217.05,16259.45,0,0,16322.018682701104,-1,,16322.018682701104,16217.83418824933,1,16217.83418824933,,16197.546693158352,1,16197.546693158352,,16191.112016304143,1,16191.112016304143,,16226.456125499553,1,16226.456125499553,,16268.818181818182,,16287.58091746816,0.08,False
51,2021-08-09 15:15:00+05:30,16259.9,16265.8,16250.75,16254.1,0,0,16322.018682701104,-1,,16322.018682701104,16236.618142527783,1,16236.618142527783,,16214.942800719422,1,16214.942800719422,,16207.847996208544,1,16207.847996208544,,16243.837095018522,1,16243.837095018522,,16269.220454545457,,16278.914444070708,0.08,False
52,2021-08-10 09:15:00+05:30,16274.8,16327.55,16267.95,16312.2,0,0,16322.018682701104,-1,,16322.018682701104,16270.489855557118,1,16270.489855557118,,16249.920122410746,1,16249.920122410746,,16243.736870880839,1,16243.736870880839,,16279.576570371411,1,16279.576570371411,,16270.286363636364,16179.25,,0.08,True
53,2021-08-10 09:45:00+05:30,16312.55,16329.4,16300.25,16320.3,0,0,16322.018682701104,-1,,16322.018682701104,16290.007392105512,1,16290.007392105512,,16268.284469959044,1,16268.284469959044,,16261.713814779976,1,16261.713814779976,,16298.279928070342,1,16298.279928070342,,16271.5375,16182.216,,0.02,False
54,2021-08-10 10:15:00+05:30,16320.35,16321.0,16300.5,16314.65,0,0,16322.018682701104,-1,,16322.018682701104,16290.007392105512,1,16290.007392105512,,16268.284469959044,1,16268.284469959044,,16261.713814779976,1,16261.713814779976,,16298.279928070342,1,16298.279928070342,,16272.877272727272,16188.103360000001,,0.04,False
55,2021-08-10 10:45:00+05:30,16313.95,16359.2,16310.35,16318.7,0,0,16322.018682701104,-1,,16322.018682701104,16311.181345682717,1,16311.181345682717,,16289.003276371814,1,16289.003276371814,,16282.174873606475,1,16282.174873606475,,16319.045897121812,1,16319.045897121812,,16274.081818181818,16193.755225600002,,0.04,False
56,2021-08-10 11:15:00+05:30,16318.5,16349.5,16317.3,16347.75,0,0,16219.980248160406,1,16219.980248160406,,16311.181345682717,1,16311.181345682717,,16289.003276371814,1,16289.003276371814,,16282.174873606475,1,16282.174873606475,,16319.045897121812,1,16319.045897121812,,16276.235227272728,16203.681912064001,,0.06,False
57,2021-08-10 11:45:00+05:30,16347.75,16359.05,16340.35,16351.15,0,0,16244.469856519045,1,16244.469856519045,,16330.001069667343,1,16330.001069667343,,16306.909918727866,1,16306.909918727866,,16299.37065929882,1,16299.37065929882,,16336.56737977823,1,16336.56737977823,,16278.492045454546,16213.012997340162,,0.06,False
58,2021-08-10 12:15:00+05:30,16350.5,16355.1,16335.25,16340.35,0,0,16246.471323818818,1,16246.471323818818,,16330.001069667343,1,16330.001069667343,,16306.909918727866,1,16306.909918727866,,16299.37065929882,1,16299.37065929882,,16336.56737977823,1,16336.56737977823,,16280.793181818182,16221.784217499751,,0.06,False
59,2021-08-10 12:45:00+05:30,16340.35,16346.55,16323.3,16329.65,0,0,16246.471323818818,1,16246.471323818818,,16351.726273219709,-1,,16351.726273219709,16306.909918727866,1,16306.909918727866,,16299.37065929882,1,16299.37065929882,,16346.125848813139,-1,,16346.125848813139,16282.885227272729,16230.029164449767,,0.06,False
60,2021-08-10 13:15:00+05:30,16329.85,16341.6,16322.3,16333.5,0,0,16246.471323818818,1,16246.471323818818,,16347.44595488356,-1,,16347.44595488356,16306.909918727866,1,16306.909918727866,,16299.37065929882,1,16299.37065929882,,16342.280636589041,-1,,16342.280636589041,16285.026136363636,16237.779414582781,,0.06,False
61,2021-08-10 13:45:00+05:30,16333.5,16337.85,16205.25,16208.35,0,0,16404.948936400877,-1,,16404.948936400877,16303.06196644998,-1,,16303.06196644998,16321.627958398758,-1,,16321.627958398758,16327.270293266114,-1,,16327.270293266114,16292.55797763332,-1,,16292.55797763332,16283.8375,,16359.2,0.06,True
62,2021-08-10 14:15:00+05:30,16207.85,16275.75,16203.3,16263.6,0,0,16384.917672105432,-1,,16384.917672105432,16274.026474877708,-1,,16274.026474877708,16293.293997896322,-1,,16293.293997896322,16298.332591907385,-1,,16298.332591907385,16262.525983251804,-1,,16262.525983251804,16283.481818181817,,16356.121000000001,0.02,False
63,2021-08-10 14:45:00+05:30,16263.6,16294.3,16262.3,16288.15,0,0,16384.917672105432,-1,,16384.917672105432,16247.62389388032,1,16247.62389388032,,16293.293997896322,-1,,16293.293997896322,16298.332591907385,-1,,16298.332591907385,16257.849262586878,1,16257.849262586878,,16283.431818181818,,16350.008160000001,0.04,False
64,2021-08-10 15:15:00+05:30,16287.2,16288.1,16262.65,16268.3,0,0,16384.917672105432,-1,,16384.917672105432,16248.542920439331,1,16248.542920439331,,16293.293997896322,-1,,16293.293997896322,16298.332591907385,-1,,16298.332591907385,16257.849262586878,1,16257.849262586878,,16282.051136363636,,16344.139833600002,0.04,False
65,2021-08-11 09:15:00+05:30,16327.3,16337.4,16248.35,16267.25,0,0,16384.917672105432,-1,,16384.917672105432,16259.393440291757,1,16259.393440291757,,16293.293997896322,-1,,16293.293997896322,16298.332591907385,-1,,16298.332591907385,16270.553960194504,1,16270.553960194504,,16280.710227272728,,16338.506240256002,0.04,False
66,2021-08-11 09:45:00+05:30,16267.6,16288.2,16205.4,16218.75,0,0,16384.917672105432,-1,,16384.917672105432,16284.33116979842,-1,,16284.33116979842,16306.914653639162,-1,,16306.914653639162,16311.469604815595,-1,,16311.469604815595,16271.820779865615,-1,,16271.820779865615,16278.011363636364,,16337.4,0.04,False
67,2021-08-11 10:15:00+05:30,16218.0,16249.45,16183.15,16203.6,0,0,16384.723095603586,-1,,16384.723095603586,16254.39337735061,-1,,16254.39337735061,16278.360693642295,-1,,16278.360693642295,16282.863671679852,-1,,16282.863671679852,16241.695584900408,-1,,16241.695584900408,16275.377272727275,,16337.4,0.04,False
68,2021-08-11 10:45:00+05:30,16203.8,16216.6,16182.1,16182.65,0,0,16358.498144825358,-1,,16358.498144825358,16233.095033002546,-1,,16233.095033002546,16259.343184881342,-1,,16259.343184881342,16264.685579554282,-1,,16264.685579554282,16221.846688668365,-1,,16221.846688668365,16273.065909090907,,16328.145,0.06,False
69,2021-08-11 11:15:00+05:30,16180.9,16210.25,16162.8,16201.0,0,0,16343.273360430965,-1,,16343.273360430965,16218.951274749541,-1,,16218.951274749541,16246.212674967188,-1,,16246.212674967188,16251.934128611623,-1,,16251.934128611623,16208.142516499694,-1,,16208.142516499694,16271.229545454546,,16316.4614,0.08,False
70,2021-08-11 11:45:00+05:30,16201.2,16201.2,16170.65,16189.1,0,0,16333.373430498792,-1,,16333.373430498792,16214.827206057409,-1,,16214.827206057409,16243.308608159103,-1,,16243.308608159103,16249.81351291244,-1,,16249.81351291244,16205.193137371605,-1,,16205.193137371605,16268.5375,,16301.09526,0.1,False
71,2021-08-11 12:15:00+05:30,16188.25,16238.95,16188.15,16225.3,0,0,16333.373430498792,-1,,16333.373430498792,16184.253345456544,1,16184.253345456544,,16243.308608159103,-1,,16243.308608159103,16249.81351291244,-1,,16249.81351291244,16194.018896971029,1,16194.018896971029,,16266.477272727272,,16287.265734,0.1,False
72,2021-08-11 12:45:00+05:30,16224.95,16239.5,16214.8,16232.4,0,0,16333.373430498792,-1,,16333.373430498792,16201.47250909515,1,16201.47250909515,,16243.308608159103,-1,,16243.308608159103,16249.81351291244,-1,,16249.81351291244,16210.0316727301,1,16210.0316727301,,16265.882954545454,,16274.8191606,0.1,False
73,2021-08-11 13:15:00+05:30,16232.1,16272.4,16229.55,16269.95,0,0,16333.373430498792,-1,,16333.373430498792,16225.289381821356,1,16225.289381821356,,16196.396142680362,1,16196.396142680362,,16188.760215442242,1,16188.760215442242,,16233.85125454757,1,16233.85125454757,,16265.878409090907,16162.8,,0.1,True
74,2021-08-11 13:45:00+05:30,16269.7,16273.3,16238.35,16252.75,0,0,16333.373430498792,-1,,16333.373430498792,16231.318286366522,1,16231.318286366522,,16202.510496208573,1,16202.510496208573,,16194.50090839283,1,16194.50090839283,,16239.487190911015,1,16239.487190911015,,16266.115909090908,16164.991999999998,,0.02,False
75,2021-08-11 14:15:00+05:30,16254.8,16261.25,16235.9,16245.25,0,0,16333.373430498792,-1,,16333.373430498792,16231.318286366522,1,16231.318286366522,,16202.510496208573,1,16202.510496208573,,16194.50090839283,1,16194.50090839283,,16239.487190911015,1,16239.487190911015,,16265.318181818182,16169.324319999998,,0.04,False
76,2021-08-11 14:45:00+05:30,16245.3,16290.1,16233.75,16281.6,0,0,16333.373430498792,-1,,16333.373430498792,16236.835598581027,1,16236.835598581027,,16209.240640777392,1,16209.240640777392,,16201.039464428184,1,16201.039464428184,,16245.19873238735,1,16245.19873238735,,16265.487500000001,16173.483347199997,,0.04,False
77,2021-08-11 15:15:00+05:30,16282.2,16289.15,16270.9,16275.1,0,0,16333.373430498792,-1,,16333.373430498792,16258.470448936407,1,16258.470448936407,,16230.41990724435,1,16230.41990724435,,16221.506055896754,1,16221.506055896754,,16265.655299290938,1,16265.655299290938,,16265.834090909093,16180.480346367998,,0.06,False
78,2021-08-12 09:15:00+05:30,16303.65,16328.7,16287.15,16302.1,0,0,16333.373430498792,-1,,16333.373430498792,16283.719086701947,1,16283.719086701947,,16256.848059229626,1,16256.848059229626,,16248.299901871183,1,16248.299901871183,,16291.787724467964,1,16291.787724467964,,16266.678409090908,16187.057525585918,,0.06,False
79,2021-08-12 09:45:00+05:30,16302.7,16335.65,16301.05,16326.95,0,0,16333.373430498792,-1,,16333.373430498792,16295.005565026546,1,16295.005565026546,,16268.228962147075,1,16268.228962147075,,16259.47357586475,1,16259.47357586475,,16302.78704335103,1,16302.78704335103,,16268.203409090907,16198.388923539045,,0.08,False
80,2021-08-12 10:15:00+05:30,16327.0,16340.35,16320.8,16322.85,0,0,16333.373430498792,-1,,16333.373430498792,16310.134173770131,1,16310.134173770131,,16283.12059026359,1,16283.12059026359,,16273.806891188213,1,16273.806891188213,,16316.947782513422,1,16316.947782513422,,16269.714772727275,16212.115031185142,,0.1,False
81,2021-08-12 10:45:00+05:30,16322.5,16336.2,16318.65,16331.7,0,0,16333.373430498792,-1,,16333.373430498792,16310.134173770131,1,16310.134173770131,,16283.12059026359,1,16283.12059026359,,16273.806891188213,1,16273.806891188213,,16316.947782513422,1,16316.947782513422,,16272.017045454546,16227.503227442925,,0.12000000000000001,False
82,2021-08-12 11:15:00+05:30,16331.6,16338.55,16324.2,16335.8,0,0,16235.596519503833,1,16235.596519503833,,16315.750160245903,1,16315.750160245903,,16289.320388128033,1,16289.320388128033,,16279.070080790476,1,16279.070080790476,,16320.958440163937,1,16320.958440163937,,16273.86022727273,16241.044840149774,,0.12000000000000001,False
83,2021-08-12 11:45:00+05:30,16335.05,16352.15,16333.0,16348.2,0,0,16252.272029746067,1,16252.272029746067,,16327.983870184462,1,16327.983870184462,,16302.42812277205,1,16302.42812277205,,16291.97492737891,1,16291.97492737891,,16332.847580122974,1,16332.847580122974,,16274.884090909092,16252.961459331802,,0.12000000000000001,False
84,2021-08-12 12:15:00+05:30,16348.25,16361.2,16337.1,16348.25,0,0,16261.418887884782,1,16261.418887884782,,16334.591652638348,1,16334.591652638348,,16310.125955348118,1,16310.125955348118,,16299.67713206426,1,16299.67713206426,,16339.444435092233,1,16339.444435092233,,16275.980681818182,16266.84785502535,,0.14,False
85,2021-08-12 12:45:00+05:30,16348.4,16363.55,16348.05,16352.05,0,0,16273.95905705522,1,16273.95905705522,,16342.556239478783,1,16342.556239478783,,16318.81859697688,1,16318.81859697688,,16308.18357522662,1,16308.18357522662,,16346.970826319188,1,16346.970826319188,,16277.375,16281.944198221294,,0.16,False
86,2021-08-12 13:15:00+05:30,16352.3,16375.0,16344.3,16364.7,0,0,16276.343475279868,1,16276.343475279868,,16345.11217960907,1,16345.11217960907,,16322.682738756946,1,16322.682738756946,,16312.343436455014,1,16312.343436455014,,16349.95811973938,1,16349.95811973938,,16279.08409090909,16296.63324254146,,0.18,False
87,2021-08-12 13:45:00+05:30,16365.2,16374.45,16349.25,16349.25,0,0,16279.644408796725,1,16279.644408796725,,16347.166634706802,1,16347.166634706802,,16325.555528154477,1,16325.555528154477,,16315.347062128367,1,16315.347062128367,,16371.638910195466,-1,,16371.638910195466,16280.72159090909,16312.306594033169,,0.19999999999999998,False
88,2021-08-12 14:15:00+05:30,16348.8,16359.1,16338.4,16350.15,0,0,16279.644408796725,1,16279.644408796725,,16347.166634706802,1,16347.166634706802,,16325.555528154477,1,16325.555528154477,,16315.347062128367,1,16315.347062128367,,16358.161682646596,-1,,16358.161682646596,16282.786363636364,16324.845275226535,,0.19999999999999998,False
89,2021-08-12 14:45:00+05:30,16350.45,16373.25,16343.5,16357.65,0,0,16279.644408796725,1,16279.644408796725,,16347.166634706802,1,16347.166634706802,,16325.555528154477,1,16325.555528154477,,16315.347062128367,1,16315.347062128367,,16358.161682646596,-1,,16358.161682646596,16284.910227272729,16334.876220181228,,0.19999999999999998,False
90,2021-08-12 15:15:00+05:30,16357.3,16371.65,16356.85,16361.35,0,0,16288.692840071411,1,16288.692840071411,,16350.742017766937,1,16350.742017766937,,16330.790484388117,1,16330.790484388117,,16320.791225972287,1,16320.791225972287,,16355.244678511292,1,16355.244678511292,,16287.634090909092,16338.4,,0.19999999999999998,False
91,2021-08-13 09:15:00+05:30,16385.7,16446.1,16385.0,16442.05,0,0,16314.465273792572,1,16314.465273792572,,16392.70651332517,1,16392.70651332517,,16375.266014854611,1,16375.266014854611,,16367.069682881962,1,16367.069682881962,,16400.32100888345,1,16400.32100888345,,16293.2125,16343.5,,0.19999999999999998,False
92,2021-08-13 09:45:00+05:30,16441.75,16447.2,16426.6,16443.3,0,0,16341.427380871328,1,16341.427380871328,,16416.677384993887,1,16416.677384993887,,16398.172499805878,1,16398.172499805878,,16389.73118117471,1,16389.73118117471,,16423.418256662593,1,16423.418256662593,,16298.043181818182,16356.85,,0.2,False
93,2021-08-13 10:15:00+05:30,16444.2,16460.85,16434.1,16459.15,0,0,16354.177041854477,1,16354.177041854477,,16428.295538745413,1,16428.295538745413,,16409.41028295116,1,16409.41028295116,,16400.95509244597,1,16400.95509244597,,16434.688692496944,1,16434.688692496944,,16303.418181818182,16374.92,,0.2,False
94,2021-08-13 10:45:00+05:30,16459.1,16472.45,16454.15,16471.7,0,0,16375.487466841476,1,16375.487466841476,,16446.170404059067,1,16446.170404059067,,16426.845827101486,1,16426.845827101486,,16418.17540646925,1,16418.17540646925,,16451.880269372712,1,16451.880269372712,,16308.242045454546,16392.106,,0.2,False
95,2021-08-13 11:15:00+05:30,16471.65,16486.85,16456.2,16482.7,0,0,16383.121399928657,1,16383.121399928657,,16454.0803030443,1,16454.0803030443,,16435.038243072213,1,16435.038243072213,,16426.548242514593,1,16426.548242514593,,16459.895202029533,1,16459.895202029533,,16313.4375,16408.1748,,0.2,False
96,2021-08-13 11:45:00+05:30,16483.1,16499.9,16481.45,16489.25,0,0,16406.99334431054,1,16406.99334431054,,16474.823977283228,1,16474.823977283228,,16455.622971039866,1,16455.622971039866,,16446.976278309572,1,16446.976278309572,,16480.107651522154,1,16480.107651522154,,16317.461363636365,16423.90984,,0.2,False
97,2021-08-13 12:15:00+05:30,16489.35,16502.8,16480.3,16496.85,0,0,16410.180010044565,1,16410.180010044565,,16476.286732962417,1,16476.286732962417,,16457.303200340833,1,16457.303200340833,,16448.665469028387,1,16448.665469028387,,16481.374488641613,1,16481.374488641613,,16321.473863636364,16439.107872,,0.2,False
98,2021-08-13 12:45:00+05:30,16496.75,16507.0,16468.05,16489.55,0,0,16410.180010044565,1,16410.180010044565,,16476.286732962417,1,16476.286732962417,,16457.303200340833,1,16457.303200340833,,16448.665469028387,1,16448.665469028387,,16481.374488641613,1,16481.374488641613,,16325.448863636364,16451.8462976,,0.2,False
99,2021-08-13 13:15:00+05:30,16489.85,16499.85,16471.65,16475.35,0,0,16410.180010044565,1,16410.180010044565,,16502.94746270864,-1,,16502.94746270864,16457.303200340833,1,16457.303200340833,,16448.665469028387,1,16448.665469028387,,16497.214975139093,-1,,16497.214975139093,16329.009090909092,16462.87703808,,0.2,False
100,2021-08-13 13:45:00+05:30,16476.85,16520.45,16474.75,16520.45,0,0,16410.180010044565,1,16410.180010044565,,16477.84690296852,1,16477.84690296852,,16460.318470502465,1,16460.318470502465,,16452.84287946491,1,16452.84287946491,,16484.43126864568,1,16484.43126864568,,16332.93409090909,16468.05,,0.2,False
101,2021-08-13 14:15:00+05:30,16520.7,16536.3,16502.45,16535.25,0,0,16424.767185881334,1,16424.767185881334,,16499.48267722639,1,16499.48267722639,,16481.759616269435,1,16481.759616269435,,16474.442199829333,1,16474.442199829333,,16506.11345148426,1,16506.11345148426,,16337.118181818181,16471.65,,0.2,False
102,2021-08-13 14:45:00+05:30,16534.9,16543.2,16519.25,16525.7,0,0,16439.868302597533,1,16439.868302597533,,16512.71325791979,1,16512.71325791979,,16494.497171828458,1,16494.497171828458,,16487.053010334843,1,16487.053010334843,,16518.883838613194,1,16518.883838613194,,16341.33068181818,16474.75,,0.2,False
103,2021-08-13 15:15:00+05:30,16524.45,16537.05,16514.5,16519.5,0,0,16439.868302597533,1,16439.868302597533,,16512.71325791979,1,16512.71325791979,,16494.497171828458,1,16494.497171828458,,16487.053010334843,1,16487.053010334843,,16518.883838613194,1,16518.883838613194,,16345.645454545453,16488.44,,0.2,False
104,2021-08-16 09:15:00+05:30,16518.4,16548.55,16481.5,16509.25,0,0,16439.868302597533,1,16439.868302597533,,16538.032229920118,-1,,16538.032229920118,16494.497171828458,1,16494.497171828458,,16487.053010334843,1,16487.053010334843,,16530.36315328008,-1,,16530.36315328008,16349.63977272727,,16543.2,0.2,True
105,2021-08-16 09:45:00+05:30,16509.25,16546.25,16493.15,16535.9,0,0,16439.868302597533,1,16439.868302597533,,16538.032229920118,-1,,16538.032229920118,16494.497171828458,1,16494.497171828458,,16487.053010334843,1,16487.053010334843,,16502.886385039943,1,16502.886385039943,,16357.08409090909,16481.5,,0.02,True
106,2021-08-16 10:15:00+05:30,16536.9,16549.0,16523.35,16526.3,0,0,16439.868302597533,1,16439.868302597533,,16538.032229920118,-1,,16538.032229920118,16494.775078581282,1,16494.775078581282,,16488.471384621873,1,16488.471384621873,,16520.999788779955,1,16520.999788779955,,16363.054545454546,16481.5,,0.02,False
107,2021-08-16 10:45:00+05:30,16526.45,16575.0,16524.6,16571.1,0,0,16439.868302597533,1,16439.868302597533,,16525.16788737745,1,16525.16788737745,,16506.4920489071,1,16506.4920489071,,16500.571740245217,1,16500.571740245217,,16533.378591584966,1,16533.378591584966,,16369.485227272728,16484.2,,0.04,False
108,2021-08-16 11:15:00+05:30,16572.1,16584.4,16552.95,16555.1,0,0,16458.063308967532,1,16458.063308967532,,16545.48341553309,1,16545.48341553309,,16525.923849746116,1,16525.923849746116,,16519.793478831907,1,16519.793478831907,,16553.213943688726,1,16553.213943688726,,16376.00340909091,16489.648,,0.06,False
109,2021-08-16 11:45:00+05:30,16554.9,16569.05,16550.95,16564.6,0,0,16458.063308967532,1,16458.063308967532,,16545.48341553309,1,16545.48341553309,,16525.923849746116,1,16525.923849746116,,16519.793478831907,1,16519.793478831907,,16553.213943688726,1,16553.213943688726,,16382.761363636364,16497.228160000002,,0.08,False
110,2021-08-16 12:15:00+05:30,16567.7,16568.65,16530.4,16550.3,0,0,16458.063308967532,1,16458.063308967532,,16545.48341553309,1,16545.48341553309,,16525.923849746116,1,16525.923849746116,,16519.793478831907,1,16519.793478831907,,16563.404344175095,-1,,16563.404344175095,16390.296590909093,16504.201907200004,,0.08,False
111,2021-08-16 12:45:00+05:30,16551.45,16572.95,16548.3,16564.45,0,0,16460.65422697646,1,16460.65422697646,,16545.48341553309,1,16545.48341553309,,16525.923849746116,1,16525.923849746116,,16519.793478831907,1,16519.793478831907,,16547.75049186868,1,16547.75049186868,,16398.497727272726,16510.617754624003,,0.08,False
112,2021-08-16 13:15:00+05:30,16564.85,16572.55,16556.3,16556.9,0,0,16471.77148046477,1,16471.77148046477,,16547.503678352266,1,16547.503678352266,,16526.46251464934,1,16526.46251464934,,16519.793478831907,1,16519.793478831907,,16553.14411890151,1,16553.14411890151,,16407.00340909091,16516.520334254084,,0.08,False
113,2021-08-16 13:45:00+05:30,16557.15,16575.95,16551.2,16567.2,0,0,16473.55055474545,1,16473.55055474545,,16547.503678352266,1,16547.503678352266,,16526.46251464934,1,16526.46251464934,,16519.793478831907,1,16519.793478831907,,16553.14411890151,1,16553.14411890151,,16415.326136363637,16521.95070751376,,0.08,False
114,2021-08-16 14:15:00+05:30,16567.15,16583.15,16555.05,16580.8,0,0,16479.893332655312,1,16479.893332655312,,16552.58238157315,1,16552.58238157315,,16532.30539325281,1,16532.30539325281,,16524.913686875585,1,16524.913686875585,,16558.0882543821,1,16558.0882543821,,16424.22840909091,16526.946650912658,,0.08,False
115,2021-08-16 14:45:00+05:30,16580.25,16588.15,16565.75,16568.2,0,0,16490.887142329888,1,16490.887142329888,,16561.201786179863,1,16561.201786179863,,16541.146858807406,1,16541.146858807406,,16533.61906045402,1,16533.61906045402,,16566.451190786574,1,16566.451190786574,,16432.02159090909,16531.542918839645,,0.08,False
116,2021-08-16 15:15:00+05:30,16568.3,16571.9,16543.75,16547.05,0,0,16490.887142329888,1,16490.887142329888,,16573.858660365106,-1,,16573.858660365106,16541.146858807406,1,16541.146858807406,,16533.61906045402,1,16533.61906045402,,16568.51410691007,-1,,16568.51410691007,16439.172727272726,16537.20362695568,,0.1,False
117,2021-08-17 09:15:00+05:30,16545.25,16590.8,16518.6,16572.55,0,0,16490.887142329888,1,16490.887142329888,,16573.858660365106,-1,,16573.858660365106,16541.146858807406,1,16541.146858807406,,16533.61906045402,1,16533.61906045402,,16539.463169817445,1,16539.463169817445,,16446.050000000003,,16588.15,0.1,True
118,2021-08-17 09:45:00+05:30,16572.75,16573.1,16537.6,16561.55,0,0,16490.887142329888,1,16490.887142329888,,16573.858660365106,-1,,16573.858660365106,16541.146858807406,1,16541.146858807406,,16533.61906045402,1,16533.61906045402,,16540.372377363085,1,16540.372377363085,,16453.06818181818,,16590.8,0.02,False
119,2021-08-17 10:15:00+05:30,16561.2,16582.4,16554.8,16578.25,0,0,16490.887142329888,1,16490.887142329888,,16547.61017453347,1,16547.61017453347,,16541.146858807406,1,16541.146858807406,,16533.61906045402,1,16533.61906045402,,16554.60678302231,1,16554.60678302231,,16460.636363636364,,16590.8,0.02,False
120,2021-08-17 10:45:00+05:30,16578.45,16584.5,16566.7,16577.8,0,0,16490.887142329888,1,16490.887142329888,,16557.1876309001,1,16557.1876309001,,16541.146858807406,1,16541.146858807406,,16533.61906045402,1,16533.61906045402,,16563.325087266734,1,16563.325087266734,,16467.36818181818,,16589.356,0.02,False
121,2021-08-17 11:15:00+05:30,16577.15,16587.15,16563.2,16565.4,0,0,16490.887142329888,1,16490.887142329888,,16557.77322317508,1,16557.77322317508,,16541.146858807406,1,16541.146858807406,,16533.61906045402,1,16533.61906045402,,16563.573815450054,1,16563.573815450054,,16473.965909090908,,16587.94088,0.02,False
122,2021-08-17 11:45:00+05:30,16565.55,16567.65,16495.9,16525.1,0,0,16490.887142329888,1,16490.887142329888,,16555.588832618694,-1,,16555.588832618694,16573.946953493632,-1,,16573.946953493632,16579.857677262862,-1,,16579.857677262862,16547.650888412463,-1,,16547.650888412463,16479.034090909092,,16587.15,0.02,False
123,2021-08-17 12:15:00+05:30,16525.8,16545.8,16506.25,16513.4,0,0,16490.887142329888,1,16490.887142329888,,16549.81787446402,-1,,16549.81787446402,16568.725759264657,-1,,16568.725759264657,16574.593592345234,-1,,16574.593592345234,16541.886916309348,-1,,16541.886916309348,16483.27159090909,,16587.15,0.04,False
124,2021-08-17 12:45:00+05:30,16511.35,16535.45,16495.8,16531.4,0,0,16490.887142329888,1,16490.887142329888,,16539.417155848016,-1,,16539.417155848016,16558.81368426858,-1,,16558.81368426858,16564.65643603795,-1,,16564.65643603795,16531.486437232008,-1,,16531.486437232008,16488.011363636364,,16583.5,0.04,False
125,2021-08-17 13:15:00+05:30,16530.9,16566.75,16522.45,16565.7,0,0,16490.887142329888,1,16490.887142329888,,16520.110883113986,1,16520.110883113986,,16500.41418244704,1,16500.41418244704,,16494.702514427696,1,16494.702514427696,,16528.27392207599,1,16528.27392207599,,16493.329545454544,,16578.238,0.06,False
126,2021-08-17 13:45:00+05:30,16565.35,16577.85,16550.7,16575.65,0,0,16490.887142329888,1,16490.887142329888,,16541.835662335492,1,16541.835662335492,,16521.249765994904,1,16521.249765994904,,16515.170137556022,1,16515.170137556022,,16549.315441556995,1,16549.315441556995,,16498.78068181818,16495.8,,0.06,True
127,2021-08-17 14:15:00+05:30,16576.25,16585.85,16553.6,16563.6,0,0,16490.887142329888,1,16490.887142329888,,16548.057996751617,1,16548.057996751617,,16527.132289996658,1,16527.132289996658,,16520.883833583346,1,16520.883833583346,,16555.280331167745,1,16555.280331167745,,16503.676136363636,16497.441,,0.02,False
128,2021-08-17 14:45:00+05:30,16563.65,16623.25,16542.45,16622.45,0,0,16490.887142329888,1,16490.887142329888,,16554.479747563713,1,16554.479747563713,,16534.82055419522,1,16534.82055419522,,16529.722993517007,1,16529.722993517007,,16563.93649837581,1,16563.93649837581,,16509.907954545455,16500.977359999997,,0.04,False
129,2021-08-17 15:15:00+05:30,16622.0,16628.1,16602.7,16605.45,0,0,16495.410636619537,1,16495.410636619537,,16590.312310672787,1,16590.312310672787,,16569.125500751717,1,16569.125500751717,,16563.444276370563,1,16563.444276370563,,16598.67487378186,1,16598.67487378186,,16515.667045454546,16508.313718399997,,0.06,False
130,2021-08-18 09:15:00+05:30,16691.95,16692.75,16656.35,16670.4,0,0,16534.287688496606,1,16534.287688496606,,16642.63923300459,1,16642.63923300459,,16622.426944749783,1,16622.426944749783,,16617.909434718338,1,16617.909434718338,,16653.276155336393,1,16653.276155336393,,16522.614772727273,16517.896620927997,,0.08,False
131,2021-08-18 09:45:00+05:30,16669.5,16697.9,16668.55,16697.5,0,0,16550.421590150803,1,16550.421590150803,,16654.88942475344,1,16654.88942475344,,16632.79225181642,1,16632.79225181642,,16627.621254033318,1,16627.621254033318,,16664.334616502292,1,16664.334616502292,,16530.529545454545,16535.381958835198,,0.1,False
132,2021-08-18 10:15:00+05:30,16697.55,16701.25,16684.45,16693.4,0,0,16571.81850585823,1,16571.81850585823,,16669.07831856508,1,16669.07831856508,,16645.44452911966,1,16645.44452911966,,16639.38539180685,1,16639.38539180685,,16677.00221237672,1,16677.00221237672,,16538.33068181818,16554.884123774973,,0.12000000000000001,False
133,2021-08-18 10:45:00+05:30,16692.5,16694.85,16673.25,16679.95,0,0,16571.81850585823,1,16571.81850585823,,16669.07831856508,1,16669.07831856508,,16645.44452911966,1,16645.44452911966,,16639.38539180685,1,16639.38539180685,,16677.00221237672,1,16677.00221237672,,16545.65568181818,16575.375346446475,,0.14,False
134,2021-08-18 11:15:00+05:30,16679.55,16681.9,16659.55,16663.1,0,0,16571.81850585823,1,16571.81850585823,,16689.87907080714,-1,,16689.87907080714,16645.44452911966,1,16645.44452911966,,16639.38539180685,1,16639.38539180685,,16683.494380538094,-1,,16683.494380538094,16552.513636363637,16592.997797943968,,0.14,False
135,2021-08-18 11:45:00+05:30,16662.7,16670.9,16639.45,16639.7,0,0,16571.81850585823,1,16571.81850585823,,16674.25805310536,-1,,16674.25805310536,16698.020905543388,-1,,16698.020905543388,16639.38539180685,1,16639.38539180685,,16667.897035403574,-1,,16667.897035403574,16557.00568181818,16608.153106231814,,0.14,False
136,2021-08-18 12:15:00+05:30,16640.15,16660.55,16624.5,16625.5,0,0,16571.81850585823,1,16571.81850585823,,16662.24478982902,-1,,16662.24478982902,16685.41231501135,-1,,16685.41231501135,16692.656062626796,-1,,16692.656062626796,16655.67152655268,-1,,16655.67152655268,16561.14659090909,16621.18667135936,,0.14,False
137,2021-08-18 12:45:00+05:30,16624.95,16625.25,16568.45,16582.4,0,0,16571.81850585823,1,16571.81850585823,,16620.19734237176,-1,,16620.19734237176,16642.294584749703,-1,,16642.294584749703,16648.963803776962,-1,,16648.963803776962,16612.414894914506,-1,,16612.414894914506,16563.947727272727,,16701.25,0.14,True
138,2021-08-18 13:15:00+05:30,16581.75,16603.0,16561.85,16570.6,0,0,16698.30745918264,-1,,16698.30745918264,16606.10800677882,-1,,16606.10800677882,16628.263126446403,-1,,16628.263126446403,16634.90524192609,-1,,16634.90524192609,16598.21367118588,-1,,16598.21367118588,16566.195454545454,,16698.594,0.02,False
139,2021-08-18 13:45:00+05:30,16570.45,16587.2,16556.5,16564.8,0,0,16684.33496501225,-1,,16684.33496501225,16594.217255084117,-1,,16594.217255084117,16616.788313448495,-1,,16616.788313448495,16623.69685202354,-1,,16623.69685202354,16586.76150338941,-1,,16586.76150338941,16568.061363636363,,16693.12424,0.04,False
140,2021-08-18 14:15:00+05:30,16563.85,16579.6,16538.4,16541.5,0,0,16673.072827153934,-1,,16673.072827153934,16581.955441313086,-1,,16581.955441313086,16604.38848226271,-1,,16604.38848226271,16611.235751730484,-1,,16611.235751730484,16574.303627542056,-1,,16574.303627542056,16569.248863636363,,16684.9267856,0.06,False
141,2021-08-18 14:45:00+05:30,16542.85,16590.3,16537.4,16576.8,0,0,16673.072827153934,-1,,16673.072827153934,16581.955441313086,-1,,16581.955441313086,16604.38848226271,-1,,16604.38848226271,16611.235751730484,-1,,16611.235751730484,16547.082279343456,1,16547.082279343456,,16571.06590909091,,16673.204642752,0.08,False
142,2021-08-18 15:15:00+05:30,16576.6,16580.1,16545.75,16550.4,0,0,16673.072827153934,-1,,16673.072827153934,16581.955441313086,-1,,16581.955441313086,16604.38848226271,-1,,16604.38848226271,16611.235751730484,-1,,16611.235751730484,16547.082279343456,1,16547.082279343456,,16572.448863636364,,16659.6241784768,0.1,False
143,2021-08-20 09:15:00+05:30,16382.5,16501.75,16377.1,16490.1,0,0,16614.807305160535,-1,,16614.807305160535,16483.432139303957,-1,,16483.432139303957,16502.160888037954,-1,,16502.160888037954,16505.363163958624,-1,,16505.363163958624,16468.763092869303,-1,,16468.763092869303,16572.784090909092,,16647.40176062912,0.1,False
144,2021-08-20 09:45:00+05:30,16490.15,16509.2,16447.6,16466.35,0,0,16614.807305160535,-1,,16614.807305160535,16483.432139303957,-1,,16483.432139303957,16502.160888037954,-1,,16502.160888037954,16505.363163958624,-1,,16505.363163958624,16468.763092869303,-1,,16468.763092869303,16571.554545454546,,16614.965549353627,0.12000000000000001,False
145,2021-08-20 10:15:00+05:30,16465.7,16486.4,16423.35,16436.95,0,0,16614.807305160535,-1,,16614.807305160535,16483.432139303957,-1,,16483.432139303957,16502.160888037954,-1,,16502.160888037954,16505.363163958624,-1,,16505.363163958624,16482.302677238986,-1,,16482.302677238986,16569.320454545454,,16586.421683431192,0.12000000000000001,False
146,2021-08-20 10:45:00+05:30,16437.0,16443.55,16404.6,16415.8,0,0,16593.769833569662,-1,,16593.769833569662,16460.773636893857,-1,,16460.773636893857,16487.280382467827,-1,,16487.280382467827,16491.821237712953,-1,,16491.821237712953,16448.540757929237,-1,,16448.540757929237,16566.822727272727,,16561.30308141945,0.12000000000000001,False
147,2021-08-20 11:15:00+05:30,16416.4,16491.45,16416.4,16470.6,0,0,16593.769833569662,-1,,16593.769833569662,16415.05352232961,1,16415.05352232961,,16487.280382467827,-1,,16487.280382467827,16491.821237712953,-1,,16491.821237712953,16428.010681553074,1,16428.010681553074,,16565.711363636365,,16539.198711649115,0.12000000000000001,False
148,2021-08-20 11:45:00+05:30,16472.0,16477.95,16452.55,16471.1,0,0,16593.769833569662,-1,,16593.769833569662,16432.286391747206,1,16432.286391747206,,16487.280382467827,-1,,16487.280382467827,16491.821237712953,-1,,16491.821237712953,16443.274261164803,1,16443.274261164803,,16564.84431818182,,16519.746866251222,0.12000000000000001,False
149,2021-08-20 12:15:00+05:30,16471.7,16487.75,16454.35,16472.8,0,0,16593.769833569662,-1,,16593.769833569662,16441.317293810403,1,16441.317293810403,,16487.280382467827,-1,,16487.280382467827,16491.821237712953,-1,,16491.821237712953,16451.228195873602,1,16451.228195873602,,16563.41022727273,,16502.629242301075,0.12000000000000001,False
150,2021-08-20 12:45:00+05:30,16472.4,16473.45,16424.95,16441.25,0,0,16593.769833569662,-1,,16593.769833569662,16478.7745296422,-1,,16478.7745296422,16487.280382467827,-1,,16487.280382467827,16491.821237712953,-1,,16491.821237712953,16468.9163530948,-1,,16468.9163530948,16561.477272727272,,16487.75,0.12000000000000001,False
151,2021-08-20 13:15:00+05:30,16440.6,16469.45,16428.05,16441.45,0,0,16593.769833569662,-1,,16593.769833569662,16477.14089723165,-1,,16477.14089723165,16487.280382467827,-1,,16487.280382467827,16491.821237712953,-1,,16491.821237712953,16467.677264821097,-1,,16467.677264821097,16558.53068181818,,16487.75,0.12000000000000001,False
152,2021-08-20 13:45:00+05:30,16441.8,16473.7,16430.75,16466.1,0,0,16593.769833569662,-1,,16593.769833569662,16477.14089723165,-1,,16477.14089723165,16487.280382467827,-1,,16487.280382467827,16491.821237712953,-1,,16491.821237712953,16467.677264821097,-1,,16467.677264821097,16556.507954545454,,16474.472,0.12000000000000001,False
153,2021-08-20 14:15:00+05:30,16466.5,16506.5,16463.2,16471.15,0,0,16593.769833569662,-1,,16593.769833569662,16477.14089723165,-1,,16477.14089723165,16487.280382467827,-1,,16487.280382467827,16491.821237712953,-1,,16491.821237712953,16466.65216353813,1,16466.65216353813,,16554.38409090909,16377.1,,0.12000000000000001,True
154,2021-08-20 14:45:00+05:30,16470.9,16489.35,16460.55,16460.55,0,0,16593.769833569662,-1,,16593.769833569662,16477.14089723165,-1,,16477.14089723165,16487.280382467827,-1,,16487.280382467827,16491.821237712953,-1,,16491.821237712953,16491.478377346397,-1,,16491.478377346397,16552.34431818182,16379.688,,0.02,False
155,2021-08-20 15:15:00+05:30,16460.55,16461.95,16411.4,16415.65,0,0,16574.54007666315,-1,,16574.54007666315,16462.851924514704,-1,,16462.851924514704,16492.49628805751,-1,,16492.49628805751,16491.821237712953,-1,,16491.821237712953,16454.126283009802,-1,,16454.126283009802,16548.9625,16382.22424,,0.02,False
156,2021-08-23 09:15:00+05:30,16592.25,16592.25,16527.55,16531.7,0,0,16574.54007666315,-1,,16574.54007666315,16513.777306613974,1,16513.777306613974,,16488.468839726193,1,16488.468839726193,,16483.550181508333,1,16483.550181508333,,16529.15153774265,1,16529.15153774265,,16548.389772727274,16384.709755199998,,0.02,False
157,2021-08-23 09:45:00+05:30,16532.15,16550.0,16490.05,16501.6,0,0,16574.54007666315,-1,,16574.54007666315,16563.60952003952,-1,,16563.60952003952,16488.468839726193,1,16488.468839726193,,16483.550181508333,1,16483.550181508333,,16549.081346693016,-1,,16549.081346693016,16546.89886363636,16393.011364992,,0.04,False
158,2021-08-23 10:15:00+05:30,16501.25,16510.2,16405.6,16443.45,0,0,16574.54007666315,-1,,16574.54007666315,16506.27839002964,-1,,16506.27839002964,16534.785840111075,-1,,16534.785840111075,16539.39424154629,-1,,16539.39424154629,16490.15226001976,-1,,16490.15226001976,16543.777272727275,16400.980910392318,,0.04,False
159,2021-08-23 10:45:00+05:30,16444.65,16489.9,16396.2,16462.4,0,0,16574.54007666315,-1,,16574.54007666315,16493.388792522233,-1,,16493.388792522233,16523.491256269674,-1,,16523.491256269674,16527.85667865794,-1,,16527.85667865794,16476.609195014822,-1,,16476.609195014822,16541.372727272726,,16592.25,0.04,True
160,2021-08-23 11:15:00+05:30,16463.6,16496.35,16444.2,16481.05,0,0,16574.54007666315,-1,,16574.54007666315,16493.388792522233,-1,,16493.388792522233,16523.491256269674,-1,,16523.491256269674,16527.85667865794,-1,,16527.85667865794,16439.890603738888,1,16439.890603738888,,16539.872727272726,,16588.329,0.02,False
161,2021-08-23 11:45:00+05:30,16481.35,16520.05,16477.05,16513.7,0,0,16574.54007666315,-1,,16574.54007666315,16457.917554206244,1,16457.917554206244,,16523.491256269674,-1,,16523.491256269674,16527.85667865794,-1,,16527.85667865794,16471.461702804165,1,16471.461702804165,,16538.535227272725,,16584.48642,0.02,False
162,2021-08-23 12:15:00+05:30,16513.9,16518.05,16483.3,16485.2,0,0,16574.54007666315,-1,,16574.54007666315,16464.988165654682,1,16464.988165654682,,16523.491256269674,-1,,16523.491256269674,16527.85667865794,-1,,16527.85667865794,16476.88377710312,1,16476.88377710312,,16536.800000000003,,16580.7206916,0.02,False
163,2021-08-23 12:45:00+05:30,16484.7,16503.45,16471.75,16496.45,0,0,16574.54007666315,-1,,16574.54007666315,16464.988165654682,1,16464.988165654682,,16523.491256269674,-1,,16523.491256269674,16527.85667865794,-1,,16527.85667865794,16476.88377710312,1,16476.88377710312,,16534.94090909091,,16577.030277768,0.02,False
164,2021-08-23 13:15:00+05:30,16497.15,16525.4,16494.0,16524.15,0,0,16574.54007666315,-1,,16574.54007666315,16481.34990568076,1,16481.34990568076,,16443.763429194136,1,16443.763429194136,,16527.85667865794,-1,,16527.85667865794,16490.799937120508,1,16490.799937120508,,16533.721590909092,,16573.413672212642,0.02,False
165,2021-08-23 13:45:00+05:30,16523.1,16537.05,16505.0,16526.75,0,0,16574.54007666315,-1,,16574.54007666315,16494.95492926057,1,16494.95492926057,,16457.836086344418,1,16457.836086344418,,16527.85667865794,-1,,16527.85667865794,16503.644952840383,1,16503.644952840383,,16532.84318181818,,16569.86939876839,0.02,False
166,2021-08-23 14:15:00+05:30,16527.45,16529.95,16488.85,16516.5,0,0,16574.54007666315,-1,,16574.54007666315,16494.95492926057,1,16494.95492926057,,16457.836086344418,1,16457.836086344418,,16527.85667865794,-1,,16527.85667865794,16503.644952840383,1,16503.644952840383,,16532.647727272728,,16566.39601079302,0.02,False
167,2021-08-23 14:45:00+05:30,16515.85,16520.8,16487.25,16498.2,0,0,16574.54007666315,-1,,16574.54007666315,16494.95492926057,1,16494.95492926057,,16457.836086344418,1,16457.836086344418,,16527.85667865794,-1,,16527.85667865794,16520.238776527287,-1,,16520.238776527287,16532.302272727273,,16562.99209057716,0.02,False
168,2021-08-23 15:15:00+05:30,16497.3,16499.0,16485.7,16488.3,0,0,16574.54007666315,-1,,16574.54007666315,16512.585498593195,-1,,16512.585498593195,16457.836086344418,1,16457.836086344418,,16527.85667865794,-1,,16527.85667865794,16505.840332395463,-1,,16505.840332395463,16531.322727272727,,16559.65624876562,0.02,False
