,date,open,high,low,close,volume,oi,SUPERT_7_1.0,SUPERTd_7_1.0,SUPERTl_7_1.0,SUPERTs_7_1.0,SUPERT_7_2.0,SUPERTd_7_2.0,SUPERTl_7_2.0,SUPERTs_7_2.0,SMA_44,VWAP_D,PSARl_0.02_0.2,PSARs_0.02_0.2,PSARaf_0.02_0.2,PSARr_0.02_0.2
0,2021-07-12 09:15:00+05:30,721.1,728.3,719.0,728.3,250,34775,0.0,1,,,0.0,1,,,,725.1999999999999,,,0.02,0
1,2021-07-12 09:45:00+05:30,728.3,728.3,721.35,721.35,100,34675,,1,,,,1,,,,724.7619047619047,75.0,,0.02,0
2,2021-07-12 10:15:00+05:30,721.35,721.35,710.0,710.0,350,34575,,1,,,,1,,,,719.272619047619,88.066,,0.02,0
3,2021-07-12 10:45:00+05:30,710.0,710.0,709.0,710.0,350,34575,,1,,,,1,,,,716.0706349206348,100.87068000000001,,0.02,0
4,2021-07-12 11:15:00+05:30,710.0,719.9,710.0,716.25,150,34575,,1,,,,1,,,,715.9847222222221,113.41926640000001,,0.02,0
5,2021-07-12 11:45:00+05:30,716.25,716.25,710.0,710.2,100,34575,,1,,,,1,,,,715.6897435897434,125.716881072,,0.02,0
6,2021-07-12 12:15:00+05:30,710.2,710.2,710.2,710.2,0,34575,,1,,,,1,,,,715.6897435897434,137.76854345056,,0.02,0
7,2021-07-12 12:45:00+05:30,710.2,776.05,710.2,776.05,150,34525,728.6535714285715,1,728.6535714285715,,714.1821428571429,1,714.1821428571429,,,719.6632183908044,149.5791725815488,,0.04,0
8,2021-07-12 13:15:00+05:30,776.05,822.0,769.85,770.0,1100,34725,776.070918367347,1,776.070918367347,,756.2168367346939,1,756.2168367346939,,,748.832679738562,174.63800567828685,,0.06,0
9,2021-07-12 13:45:00+05:30,770.0,780.0,770.0,780.0,800,34825,776.070918367347,1,776.070918367347,,756.2168367346939,1,756.2168367346939,,,755.4796019900496,213.47972533758963,,0.06,0
10,2021-07-12 14:15:00+05:30,780.0,820.15,780.0,820.15,200,35175,778.528123698459,1,778.528123698459,,756.981247396918,1,756.981247396918,,,758.369014084507,249.99094181733426,,0.06,0
11,2021-07-12 14:45:00+05:30,820.15,820.15,775.75,784.1,600,35225,778.528123698459,1,778.528123698459,,756.981247396918,1,756.981247396918,,,763.424096385542,284.3114853082942,,0.06,0
12,2021-07-12 15:15:00+05:30,784.1,784.25,781.7,784.25,300,35175,778.528123698459,1,778.528123698459,,756.981247396918,1,756.981247396918,,,764.7707865168538,316.5727961897966,,0.06,0
13,2021-07-13 09:15:00+05:30,732.45,732.45,732.0,732.0,50,35175,758.2304672919325,-1,,758.2304672919325,784.2359345838651,-1,,784.2359345838651,,732.15,346.8984284184088,,0.06,0
14,2021-07-13 09:45:00+05:30,732.0,735.85,725.0,735.85,450,35475,754.2654005359421,-1,,754.2654005359421,778.1058010718842,-1,,778.1058010718842,,732.2249999999999,375.4045227133043,,0.06,0
15,2021-07-13 10:15:00+05:30,735.85,735.85,726.0,726.0,250,35725,752.7667718879504,-1,,752.7667718879504,774.6085437759008,-1,,774.6085437759008,,731.2444444444443,402.20025135050605,,0.06,0
16,2021-07-13 10:45:00+05:30,726.0,742.95,726.0,729.7,650,35875,752.7667718879504,-1,,752.7667718879504,774.6085437759008,-1,,774.6085437759008,,732.0053571428572,427.38823626947567,,0.06,0
17,2021-07-13 11:15:00+05:30,729.7,730.05,721.4,721.4,1800,35825,745.083240570739,-1,,745.083240570739,764.4414811414781,-1,,764.4414811414781,,727.66171875,451.06494209330714,,0.06,0
18,2021-07-13 11:45:00+05:30,721.4,721.4,702.0,702.0,800,36125,731.0642062034907,-1,,731.0642062034907,750.4284124069814,-1,,750.4284124069814,,723.8227083333334,473.3210455677087,,0.06,0
19,2021-07-13 12:15:00+05:30,702.0,711.9,701.1,711.9,150,36225,724.6407481744205,-1,,724.6407481744205,742.7814963488411,-1,,742.7814963488411,,723.2616465863454,494.2417828336462,,0.06,0
20,2021-07-13 12:45:00+05:30,711.9,711.9,693.15,693.15,1200,36325,720.7527841495033,-1,,720.7527841495033,738.9805682990067,-1,,738.9805682990067,,717.9095015576324,513.9072758636274,,0.06,0
21,2021-07-13 13:15:00+05:30,693.15,703.55,693.15,695.0,1100,35975,715.4595292710028,-1,,715.4595292710028,732.5690585420056,-1,,732.5690585420056,,714.3833333333333,532.3928393118098,,0.06,0
22,2021-07-13 13:45:00+05:30,695.0,700.0,690.0,695.55,1500,35075,711.0938822322881,-1,,711.0938822322881,727.1877644645763,-1,,727.1877644645763,,710.7606918238994,549.7692689531012,,0.06,0
23,2021-07-13 14:15:00+05:30,695.55,696.9,690.95,694.95,350,34875,708.5697561991041,-1,,708.5697561991041,723.2145123982082,-1,,723.2145123982082,,710.0651606425703,566.1031128159152,,0.06,0
24,2021-07-13 14:45:00+05:30,694.95,694.95,679.1,679.1,950,34575,701.8419338849465,-1,,701.8419338849465,716.6588677698929,-1,,716.6588677698929,,707.4275675675676,581.4569260469603,,0.06,0
25,2021-07-13 15:15:00+05:30,679.1,689.0,679.05,684.25,750,34625,698.1466576156683,-1,,698.1466576156683,712.2683152313367,-1,,712.2683152313367,,705.678,595.8895104841428,,0.06,0
26,2021-07-14 09:15:00+05:30,706.85,706.85,703.0,703.0,50,34925,689.5921506151413,1,689.5921506151413,,712.2683152313367,-1,,712.2683152313367,,704.2833333333333,609.4561398550942,,0.06,0
27,2021-07-14 09:45:00+05:30,703.0,703.0,703.0,703.0,0,34925,689.8575576701212,1,689.8575576701212,,712.2683152313367,-1,,712.2683152313367,,704.2833333333333,622.2087714637886,,0.06,0
28,2021-07-14 10:15:00+05:30,703.0,712.45,684.95,684.95,600,35525,713.893521997039,-1,,713.893521997039,712.2683152313367,-1,,712.2683152313367,,694.8987179487181,634.1962451759613,,0.06,0
29,2021-07-14 10:45:00+05:30,684.95,684.95,674.0,674.0,1050,35975,694.0623045688906,-1,,694.0623045688906,708.6496091377811,-1,,708.6496091377811,,684.2450980392157,645.4644704654036,,0.06,0
30,2021-07-14 11:15:00+05:30,674.0,684.0,671.7,675.25,700,36375,692.1105467733348,-1,,692.1105467733348,706.3710935466695,-1,,706.3710935466695,,682.1270833333333,656.0566022374793,,0.06,0
31,2021-07-14 11:45:00+05:30,675.25,681.25,670.05,677.85,950,36775,689.4733258057155,-1,,689.4733258057155,703.296651611431,-1,,703.296651611431,,680.4982587064676,666.0132061032306,,0.06,0
32,2021-07-14 12:15:00+05:30,677.85,677.85,657.0,657.0,1300,37325,682.2521364048989,-1,,682.2521364048989,697.079272809798,-1,,697.079272809798,,675.8718637992831,,822.0,0.02,1
33,2021-07-14 12:45:00+05:30,657.0,664.35,644.5,644.5,1600,38775,669.9696883470563,-1,,669.9696883470563,685.5143766941126,-1,,685.5143766941126,,669.5345333333332,,818.7,0.04,0
34,2021-07-14 13:15:00+05:30,644.5,666.5,644.5,666.5,1700,39475,669.9696883470563,-1,,669.9696883470563,685.5143766941126,-1,,685.5143766941126,,667.3175052410901,,811.7320000000001,0.04,0
35,2021-07-14 13:45:00+05:30,666.5,669.85,652.95,657.05,1750,39725,669.9696883470563,-1,,669.9696883470563,685.5143766941126,-1,,685.5143766941126,,665.9883161512026,,805.04272,0.04,0
36,2021-07-14 14:15:00+05:30,657.05,658.35,653.6,653.6,250,40125,669.9696883470563,-1,,669.9696883470563,685.5143766941126,-1,,685.5143766941126,,665.7168341708542,,798.6210112,0.04,0
37,2021-07-14 14:45:00+05:30,653.6,654.05,645.0,646.5,2450,41975,663.5430616817097,-1,,663.5430616817097,677.5611233634194,-1,,677.5611233634194,,662.3184139784945,,792.456170752,0.04,0
38,2021-07-14 15:15:00+05:30,646.5,670.7,646.5,667.3,1000,42375,643.1273757013918,1,643.1273757013918,,677.5611233634194,-1,,677.5611233634194,,662.2573383084576,,786.5379239219201,0.04,0
39,2021-07-15 09:15:00+05:30,648.0,650.75,630.0,633.6,4050,45625,658.9658208273786,-1,,658.9658208273786,677.5566416547571,-1,,677.5566416547571,,638.1166666666667,,780.8564069650433,0.06,0
40,2021-07-15 09:45:00+05:30,633.6,640.0,625.0,635.0,6450,49375,650.5778464234673,-1,,650.5778464234673,668.6556928469347,-1,,668.6556928469347,,635.1783333333333,,771.8050225471408,0.08,0
41,2021-07-15 10:15:00+05:30,635.0,639.6,620.0,620.25,2800,51575,648.0952969344005,-1,,648.0952969344005,666.390593868801,-1,,666.390593868801,,633.3758771929824,,760.0606207433696,0.1,0
42,2021-07-15 10:45:00+05:30,620.25,620.25,603.0,612.8,6200,55475,629.7709688009147,-1,,629.7709688009147,647.9169376018295,-1,,647.9169376018295,,626.5847435897435,,746.0545586690326,0.12000000000000001,0
43,2021-07-15 11:15:00+05:30,612.8,615.55,604.1,615.55,1650,54375,627.0144018293555,-1,,627.0144018293555,644.2038036587111,-1,,644.2038036587111,698.8499999999999,625.4261229314421,,728.8880116287487,0.12000000000000001,0
44,2021-07-15 11:45:00+05:30,615.55,616.0,600.0,601.5,10650,60575,625.0194872823047,-1,,625.0194872823047,642.0389745646095,-1,,642.0389745646095,695.9681818181817,618.8643867924528,,713.7814502332989,0.14,0
45,2021-07-15 12:15:00+05:30,601.5,606.0,592.5,595.0,13400,67775,615.7667033848326,-1,,615.7667033848326,632.2834067696652,-1,,632.2834067696652,693.0965909090909,612.6295169616519,,697.852047200637,0.16,0
46,2021-07-15 12:45:00+05:30,595.0,620.75,595.0,606.4,700,67925,615.7667033848326,-1,,615.7667033848326,632.2834067696652,-1,,632.2834067696652,690.7420454545454,612.5495098039215,,680.9957196485351,0.16,0
47,2021-07-15 13:15:00+05:30,606.4,610.0,601.15,602.0,3250,70675,615.7667033848326,-1,,615.7667033848326,632.2834067696652,-1,,632.2834067696652,688.2874999999999,612.0095286537809,,666.8364045047695,0.16,0
48,2021-07-15 13:45:00+05:30,602.0,602.0,588.3,588.3,1150,70875,611.2946295368042,-1,,611.2946295368042,627.4392590736085,-1,,627.4392590736085,685.3795454545453,611.5718687872763,,654.9425797840064,0.18,0
49,2021-07-15 14:15:00+05:30,588.3,593.3,583.55,593.1,3900,73375,603.6561110315464,-1,,603.6561110315464,618.887222063093,-1,,618.887222063093,682.7181818181817,610.0184501845018,,642.9469154228852,0.19999999999999998,0
50,2021-07-15 14:45:00+05:30,593.1,604.65,593.1,601.15,1600,74725,603.6561110315464,-1,,603.6561110315464,618.887222063093,-1,,618.887222063093,680.2397727272727,609.7206690561529,,631.0675323383082,0.19999999999999998,0
51,2021-07-15 15:15:00+05:30,601.15,603.35,596.0,596.0,400,74975,603.6561110315464,-1,,603.6561110315464,618.887222063093,-1,,618.887222063093,676.1477272727271,609.6404507710558,,621.5640258706466,0.19999999999999998,0
52,2021-07-16 09:15:00+05:30,595.75,595.75,578.0,580.05,5850,78375,601.1502769178252,-1,,601.1502769178252,615.4255538356504,-1,,615.4255538356504,671.8306818181817,584.6,,613.9612206965172,0.2,0
53,2021-07-16 09:45:00+05:30,580.05,597.85,575.45,597.85,1900,78525,601.1502769178252,-1,,601.1502769178252,615.4255538356504,-1,,615.4255538356504,667.6909090909089,586.0178494623656,,606.7689765572138,0.2,0
54,2021-07-16 10:15:00+05:30,597.85,608.9,587.0,587.0,650,78825,601.1502769178252,-1,,601.1502769178252,615.4255538356504,-1,,615.4255538356504,662.3920454545453,586.6587301587301,575.45,,0.02,1
55,2021-07-16 10:45:00+05:30,587.0,595.0,583.75,595.0,200,78725,601.1502769178252,-1,,601.1502769178252,615.4255538356504,-1,,615.4255538356504,658.094318181818,586.765503875969,575.45,,0.02,0
56,2021-07-16 11:15:00+05:30,595.0,605.0,595.0,597.15,200,78725,601.1502769178252,-1,,601.1502769178252,615.4255538356504,-1,,615.4255538356504,653.8420454545453,587.0446969696969,576.119,,0.02,0
57,2021-07-16 11:45:00+05:30,597.15,599.45,597.15,599.45,50,78575,601.1502769178252,-1,,601.1502769178252,615.4255538356504,-1,,615.4255538356504,650.8295454545454,587.1104519774011,576.77462,,0.02,0
58,2021-07-16 12:15:00+05:30,599.45,615.0,599.45,615.0,200,78425,593.8299080750534,1,593.8299080750534,,615.4255538356504,-1,,615.4255538356504,648.0829545454545,587.6122467771638,577.4171276000001,,0.04,0
59,2021-07-16 12:45:00+05:30,615.0,615.0,615.0,615.0,0,78425,603.51849263576,1,603.51849263576,,615.4255538356504,-1,,615.4255538356504,645.5602272727273,587.6122467771638,578.9204424960001,,0.04,0
60,2021-07-16 13:15:00+05:30,615.0,615.0,595.1,599.2,250,78475,617.7341491693485,-1,,617.7341491693485,615.4255538356504,-1,,615.4255538356504,642.5943181818182,588.0285842293906,580.36362479616,,0.04,0
61,2021-07-16 13:45:00+05:30,599.2,625.2,599.2,617.05,2500,78275,617.7341491693485,-1,,617.7341491693485,583.0271728525454,1,583.0271728525454,,640.2227272727272,593.4921610169491,581.7490798043136,,0.06,0
62,2021-07-16 14:15:00+05:30,617.05,617.05,587.0,588.8,400,80225,618.8204973489092,-1,,618.8204973489092,583.0271728525454,1,583.0271728525454,,637.6499999999999,593.6273907103825,584.3561350160548,,0.06,0
63,2021-07-16 14:45:00+05:30,588.8,591.0,583.0,591.0,1900,80475,602.5389977276365,-1,,602.5389977276365,583.0271728525454,1,583.0271728525454,,634.9022727272726,592.9140070921986,,625.2,0.02,1
64,2021-07-16 15:15:00+05:30,591.0,592.55,590.0,590.0,350,80525,602.5389977276365,-1,,602.5389977276365,583.0271728525454,1,583.0271728525454,,632.5579545454543,592.8640138408305,,624.356,0.02,0
65,2021-07-19 09:15:00+05:30,670.0,700.0,664.2,672.0,4150,77575,654.6570628939814,1,654.6570628939814,,627.2141257879629,1,627.2141257879629,,632.0352272727271,678.7333333333333,583.0,,0.02,1
66,2021-07-19 09:45:00+05:30,672.0,678.95,664.45,664.45,450,77325,654.6570628939814,1,654.6570628939814,,627.2141257879629,1,627.2141257879629,,631.328409090909,677.8088768115942,585.34,,0.02,0
67,2021-07-19 10:15:00+05:30,664.45,676.0,662.6,665.55,850,77275,654.6570628939814,1,654.6570628939814,,627.2141257879629,1,627.2141257879629,,630.6602272727271,676.2868501529052,587.6332,,0.02,0
68,2021-07-19 10:45:00+05:30,665.55,676.0,665.55,666.2,700,77475,654.6570628939814,1,654.6570628939814,,627.2141257879629,1,627.2141257879629,,630.3670454545453,675.4859078590786,589.880536,,0.02,0
69,2021-07-19 11:15:00+05:30,666.2,672.0,666.2,667.2,1100,77975,654.6570628939814,1,654.6570628939814,,629.8359046319033,1,629.8359046319033,,629.9795454545454,674.4209195402299,592.08292528,,0.02,0
70,2021-07-19 11:45:00+05:30,667.2,678.85,666.6,676.8,400,78275,654.6570628939814,1,654.6570628939814,,635.57006111306,1,635.57006111306,,629.3840909090908,674.4032679738563,594.2412667744001,,0.02,0
71,2021-07-19 12:15:00+05:30,676.8,700.0,671.2,700.0,1750,78425,665.5621690484543,1,665.5621690484543,,645.5243380969087,1,645.5243380969087,,629.3159090909089,677.3813829787234,596.356441438912,,0.02,0
72,2021-07-19 12:45:00+05:30,700.0,748.35,700.0,732.65,2400,77925,700.0925734701036,1,700.0925734701036,,676.0101469402073,1,676.0101469402073,,630.3999999999999,687.4733050847458,598.4293126101338,,0.04,0
73,2021-07-19 13:15:00+05:30,732.65,732.65,717.35,723.9,3300,78475,702.1722058315174,1,702.1722058315174,,679.3444116630349,1,679.3444116630349,,631.5340909090909,695.5943708609271,604.4261401057285,,0.04,0
74,2021-07-19 13:45:00+05:30,723.9,736.05,723.4,727.15,1050,78775,708.3511764270148,1,708.3511764270148,,686.9773528540298,1,686.9773528540298,,632.7136363636363,697.7575851393188,610.1830945014993,,0.04,0
75,2021-07-19 14:15:00+05:30,727.15,749.5,727.15,749.5,450,78875,716.8117226517271,1,716.8117226517271,,695.2984453034543,1,695.2984453034543,,634.3420454545454,698.9582831325301,615.7097707214393,,0.06,0
76,2021-07-19 14:45:00+05:30,749.5,749.5,724.35,724.35,50,78825,716.8117226517271,1,716.8117226517271,,695.2984453034543,1,695.2984453034543,,635.8727272727273,699.0597097097096,623.7371844781529,,0.06,0
77,2021-07-19 15:15:00+05:30,724.35,724.35,718.9,720.95,200,78725,716.8117226517271,1,716.8117226517271,,695.2984453034543,1,695.2984453034543,,637.6102272727272,699.3248763600395,631.2829534094637,,0.06,0
78,2021-07-20 09:15:00+05:30,764.0,800.0,763.55,800.0,2100,78225,753.627425926452,1,753.627425926452,,725.4798518529041,1,725.4798518529041,,640.6443181818181,787.85,638.3759762048959,,0.08,0
79,2021-07-20 09:45:00+05:30,800.0,805.0,779.9,779.9,4500,79675,764.7377936512446,1,764.7377936512446,,737.0255873024893,1,737.0255873024893,,643.4363636363637,788.1340909090909,651.3058981085043,,0.1,0
80,2021-07-20 10:15:00+05:30,779.9,835.85,779.9,832.25,4100,79875,776.1288231296382,1,776.1288231296382,,744.3826462592765,1,744.3826462592765,,647.496590909091,798.8116822429906,666.6753082976538,,0.12000000000000001,0
81,2021-07-20 10:45:00+05:30,832.25,852.75,821.85,852.75,6200,83775,805.6747055396899,1,805.6747055396899,,774.0494110793798,1,774.0494110793798,,652.184090909091,814.8210059171597,686.9762713019354,,0.14,0
82,2021-07-20 11:15:00+05:30,852.75,855.3,827.25,844.4,3300,84675,810.1604618911628,1,810.1604618911628,,779.0459237823255,1,779.0459237823255,,656.2090909090911,819.3128712871287,710.1845933196645,,0.16,0
83,2021-07-20 11:45:00+05:30,844.4,861.35,838.95,857.15,2000,84675,820.2803959067111,1,820.2803959067111,,790.4107918134221,1,790.4107918134221,,661.2897727272729,822.3012012012013,733.4030583885182,,0.18,0
84,2021-07-20 12:15:00+05:30,857.15,857.15,814.15,814.15,1600,85225,867.3953749371049,-1,,867.3953749371049,790.4107918134221,1,790.4107918134221,,665.3613636363639,822.7168067226891,756.4335078785849,,0.18,0
85,2021-07-20 12:45:00+05:30,814.15,814.15,785.15,803.25,1900,86275,831.0031785175184,-1,,831.0031785175184,790.4107918134221,1,790.4107918134221,,669.5204545454548,821.1001945525292,775.3184764604397,,0.18,0
86,2021-07-20 13:15:00+05:30,803.25,803.25,791.0,791.0,150,86425,825.7491530150158,-1,,825.7491530150158,790.4107918134221,1,790.4107918134221,,673.5704545454547,820.9492263056093,785.15,,0.18,0
87,2021-07-20 13:45:00+05:30,791.0,791.0,780.25,780.25,750,87025,811.6957025842993,-1,,811.6957025842993,837.7664051685986,-1,,837.7664051685986,677.3136363636366,819.9027255639098,,861.35,0.02,1
88,2021-07-20 14:15:00+05:30,780.25,819.0,780.25,806.05,1100,87475,811.6957025842993,-1,,811.6957025842993,837.7664051685986,-1,,837.7664051685986,681.9625000000002,819.1825210589651,,859.7280000000001,0.02,0
89,2021-07-20 14:45:00+05:30,806.05,810.9,795.0,810.0,1650,88525,811.6957025842993,-1,,811.6957025842993,837.7664051685986,-1,,837.7664051685986,686.8488636363638,818.4020726859738,,858.1384400000001,0.02,0
90,2021-07-20 15:15:00+05:30,810.0,825.0,810.0,817.85,2300,90475,792.925446769071,1,792.925446769071,,837.7664051685986,-1,,837.7664051685986,691.6545454545457,818.3449973670351,,856.5806712000001,0.02,0
91,2021-07-22 09:15:00+05:30,817.0,817.0,719.0,719.0,2450,91725,803.1853313407963,-1,,803.1853313407963,838.3706626815925,-1,,838.3706626815925,694.3136363636365,751.6666666666666,,855.0540577760001,0.04,0
92,2021-07-22 09:45:00+05:30,719.0,725.9,694.0,696.0,1250,92525,744.6659982921111,-1,,744.6659982921111,779.3819965842222,-1,,779.3819965842222,696.7613636363639,736.0022522522523,,849.6118954649602,0.06,0
93,2021-07-22 10:15:00+05:30,696.0,701.0,679.05,687.0,900,92625,722.9172842503809,-1,,722.9172842503809,755.8095685007619,-1,,755.8095685007619,698.8954545454548,726.8094202898551,,840.2751817370626,0.08,0
94,2021-07-22 10:45:00+05:30,687.0,687.0,678.55,678.55,1000,93075,712.1755293574694,-1,,712.1755293574694,741.5760587149388,-1,,741.5760587149388,700.6545454545457,718.6946428571429,,827.3771671980976,0.1,0
95,2021-07-22 11:15:00+05:30,678.55,692.0,678.55,684.0,1750,94625,712.1755293574694,-1,,712.1755293574694,739.5187646128046,-1,,739.5187646128046,702.6545454545457,710.6363945578231,,812.4944504782878,0.1,0
96,2021-07-22 11:45:00+05:30,684.0,688.95,670.0,670.0,1100,95325,705.4294705483449,-1,,705.4294705483449,731.3839410966898,-1,,731.3839410966898,704.6988636363639,706.1687376725838,,799.1000054304591,0.12000000000000001,0
97,2021-07-22 12:15:00+05:30,670.0,679.95,670.0,671.9,450,95525,698.6431176128671,-1,,698.6431176128671,722.3112352257341,-1,,722.3112352257341,706.3818181818184,704.5397003745318,,783.608004778804,0.12000000000000001,0
98,2021-07-22 12:45:00+05:30,671.9,683.0,671.9,678.0,600,95325,698.6431176128671,-1,,698.6431176128671,721.1953444792007,-1,,721.1953444792007,708.4500000000003,702.8403508771929,,769.9750442053476,0.12000000000000001,0
99,2021-07-22 13:15:00+05:30,678.0,678.0,666.3,675.0,650,95175,692.5694333482288,-1,,692.5694333482288,712.9888666964576,-1,,712.9888666964576,710.268181818182,700.9357963875204,,757.9780389007059,0.14,0
100,2021-07-22 13:45:00+05:30,675.0,678.0,675.0,678.0,1500,95375,692.5694333482288,-1,,692.5694333482288,712.3618857398209,-1,,712.3618857398209,712.105681818182,697.8539341917024,,745.143113454607,0.14,0
101,2021-07-22 14:15:00+05:30,678.0,698.8,675.45,698.8,2250,95425,668.4199061115054,1,668.4199061115054,,712.3618857398209,-1,,712.3618857398209,714.3636363636365,696.7471822541967,,734.1050775709621,0.14,0
102,2021-07-22 14:45:00+05:30,698.8,703.5,665.3,671.0,5200,95125,668.4199061115054,1,668.4199061115054,,712.3618857398209,-1,,712.3618857398209,715.6363636363639,692.169589877836,,724.6123667110273,0.16,0
103,2021-07-22 15:15:00+05:30,671.0,673.0,665.0,665.0,450,94775,688.5629261221593,-1,,688.5629261221593,708.1258522443187,-1,,708.1258522443187,716.7727272727275,691.6055839727196,,715.1223880372629,0.18,0
104,2021-07-23 09:15:00+05:30,643.95,700.2,640.0,700.2,850,94925,644.7317776095778,1,644.7317776095778,,708.1258522443187,-1,,708.1258522443187,719.068181818182,680.1333333333333,,706.1003581905555,0.19999999999999998,0
105,2021-07-23 09:45:00+05:30,700.2,700.2,660.0,660.0,3100,95875,652.6129522367809,1,652.6129522367809,,708.1258522443187,-1,,708.1258522443187,720.0443181818183,674.8489451476794,640.0,,0.02,1
106,2021-07-23 10:15:00+05:30,660.0,678.9,646.9,675.0,550,95625,652.6129522367809,1,652.6129522367809,,708.1258522443187,-1,,708.1258522443187,722.0034090909093,673.8814814814815,640.0,,0.02,0
107,2021-07-23 10:45:00+05:30,675.0,675.0,664.45,664.45,100,95675,652.6129522367809,1,652.6129522367809,,708.1258522443187,-1,,708.1258522443187,723.6727272727275,673.7528985507247,641.204,,0.02,0
108,2021-07-23 11:15:00+05:30,664.45,668.0,664.45,668.0,400,95825,652.6129522367809,1,652.6129522367809,,708.1258522443187,-1,,708.1258522443187,725.4454545454547,673.198,642.38392,,0.02,0
109,2021-07-23 11:45:00+05:30,668.0,669.35,662.0,662.0,600,95875,652.6129522367809,1,652.6129522367809,,706.2902135786188,-1,,706.2902135786188,725.2181818181821,672.2607142857142,643.5402416,,0.02,0
110,2021-07-23 12:15:00+05:30,662.0,662.0,656.45,656.45,50,96425,652.6129522367809,1,652.6129522367809,,695.623754495959,-1,,695.623754495959,725.0363636363638,672.137168141593,644.673436768,,0.02,0
111,2021-07-23 12:45:00+05:30,656.45,656.45,635.0,635.0,350,96575,664.3887519268396,-1,,664.3887519268396,683.0525038536792,-1,,683.0525038536792,724.3420454545457,670.3879166666667,,700.2,0.02,1
112,2021-07-23 13:15:00+05:30,635.0,635.0,628.1,628.35,450,96825,648.5332159372911,-1,,648.5332159372911,665.516431874582,-1,,665.516431874582,723.4818181818183,667.6038759689923,,698.8960000000001,0.04,0
113,2021-07-23 13:45:00+05:30,628.35,628.35,609.85,616.0,2150,97500,636.2998993748209,-1,,636.2998993748209,653.4997987496419,-1,,653.4997987496419,722.318181818182,655.219573643411,,696.06416,0.06,0
114,2021-07-23 14:15:00+05:30,616.0,638.5,616.0,622.0,1350,97700,636.2998993748209,-1,,636.2998993748209,653.4997987496419,-1,,653.4997987496419,721.0727272727274,651.1872696817421,,690.8913104000001,0.06,0
115,2021-07-23 14:45:00+05:30,622.0,631.7,613.55,631.7,1500,99000,636.2998993748209,-1,,636.2998993748209,653.4997987496419,-1,,653.4997987496419,719.5204545454548,647.8417758369724,,686.0288317760001,0.06,0
116,2021-07-23 15:15:00+05:30,631.7,646.95,631.7,645.75,500,99300,621.7310400438446,1,621.7310400438446,,653.4997987496419,-1,,653.4997987496419,717.5454545454547,647.5750348675035,,681.45810186944,0.06,0
117,2021-07-26 09:15:00+05:30,680.0,680.0,640.0,650.0,1400,99050,639.2051771804382,1,639.2051771804382,,653.4997987496419,-1,,653.4997987496419,715.8659090909092,656.6666666666666,609.85,,0.02,1
118,2021-07-26 09:45:00+05:30,650.0,650.0,630.0,630.0,1500,99100,660.6812767024816,-1,,660.6812767024816,653.4997987496419,-1,,653.4997987496419,713.6579545454547,646.3218390804598,611.253,,0.02,0
119,2021-07-26 10:15:00+05:30,630.0,632.65,619.15,620.0,1450,99025,645.5553800306984,-1,,645.5553800306984,653.4997987496419,-1,,653.4997987496419,710.7147727272728,638.8590038314176,612.6279400000001,,0.02,0
120,2021-07-26 10:45:00+05:30,620.0,632.25,620.0,623.05,1050,98925,644.7224685977416,-1,,644.7224685977416,653.4997987496419,-1,,653.4997987496419,708.4125000000001,636.1836419753087,613.9753812000001,,0.02,0
121,2021-07-26 11:15:00+05:30,623.05,646.0,623.0,641.05,1500,99375,644.7224685977416,-1,,644.7224685977416,653.4997987496419,-1,,653.4997987496419,706.596590909091,636.2922705314008,615.2958735760001,,0.02,0
122,2021-07-26 11:45:00+05:30,641.05,651.0,641.05,644.95,750,99475,628.1237985812511,1,628.1237985812511,,653.4997987496419,-1,,653.4997987496419,703.0727272727273,637.2113289760348,616.58995610448,,0.02,0
123,2021-07-26 12:15:00+05:30,644.95,660.0,639.25,639.25,700,99625,631.3168273553581,1,631.3168273553581,,653.4997987496419,-1,,653.4997987496419,699.8761363636364,637.9620758483034,617.8581569823905,,0.02,0
124,2021-07-26 12:45:00+05:30,639.25,644.0,634.55,644.0,500,99675,631.3168273553581,1,631.3168273553581,,653.4997987496419,-1,,653.4997987496419,695.5977272727273,638.1252354048964,619.1009938427427,,0.02,0
125,2021-07-26 13:15:00+05:30,644.0,644.0,644.0,644.0,0,99675,631.3168273553581,1,631.3168273553581,,653.4997987496419,-1,,653.4997987496419,690.8534090909092,638.1252354048964,620.3189739658878,,0.02,0
126,2021-07-26 13:45:00+05:30,644.0,654.35,640.1,648.35,650,99925,632.6681041071643,1,632.6681041071643,,653.4997987496419,-1,,653.4997987496419,686.3977272727273,638.7735087719298,621.51259448657,,0.02,0
127,2021-07-26 14:15:00+05:30,648.35,656.4,648.35,652.0,700,100075,638.7476606632837,1,638.7476606632837,,653.4997987496419,-1,,653.4997987496419,681.7352272727272,639.6983660130719,622.6823425968387,,0.02,0
128,2021-07-26 14:45:00+05:30,652.0,668.2,652.0,656.75,250,100075,646.105137711386,1,646.105137711386,,632.110275422772,1,632.110275422772,,678.1579545454545,640.1597288676236,623.8286957449019,,0.02,0
129,2021-07-26 15:15:00+05:30,656.75,670.15,656.75,670.15,600,99675,649.5401180383309,1,649.5401180383309,,635.6302360766617,1,635.6302360766617,,675.1329545454545,641.5456259426848,624.9521218300039,,0.02,0
130,2021-07-27 09:15:00+05:30,637.0,640.0,632.2,639.1,950,99925,653.4441845385736,-1,,653.4441845385736,635.6302360766617,1,635.6302360766617,,671.6806818181817,637.1,626.0530793934038,,0.02,0
131,2021-07-27 09:45:00+05:30,639.1,640.0,635.0,635.5,650,100775,653.0807296044916,-1,,653.0807296044916,668.6614592089833,-1,,668.6614592089833,668.3909090909091,636.9916666666667,627.1320178055357,,0.02,0
132,2021-07-27 10:15:00+05:30,635.5,635.5,627.0,629.9,350,100825,645.81919680385,-1,,645.81919680385,660.3883936076999,-1,,660.3883936076999,664.3874999999999,635.8803418803419,,680.0,0.02,1
133,2021-07-27 10:45:00+05:30,629.9,650.0,629.9,650.0,1450,101625,624.590688453843,1,624.590688453843,,660.3883936076999,-1,,660.3883936076999,660.7511363636363,639.0446078431373,,678.94,0.02,0
134,2021-07-27 11:15:00+05:30,650.0,664.75,650.0,662.45,1500,101725,642.1027329604368,1,642.1027329604368,,626.8304659208735,1,626.8304659208735,,657.2193181818183,645.1738095238096,,677.9012,0.02,0
135,2021-07-27 11:45:00+05:30,662.45,662.45,650.85,658.2,2700,103975,642.1027329604368,1,642.1027329604368,,627.1546850750345,1,627.1546850750345,,655.8375000000001,649.4344298245614,,676.883176,0.02,0
136,2021-07-27 12:15:00+05:30,658.2,716.35,658.2,716.25,3450,106075,666.3270078893006,1,666.3270078893006,,645.379015778601,1,645.379015778601,,656.2977272727273,664.2644042232278,627.0,,0.02,1
137,2021-07-27 12:45:00+05:30,716.25,764.75,700.0,759.6,7150,106250,705.1695781908289,1,705.1695781908289,,677.964156381658,1,677.964156381658,,657.9477272727273,694.5873168498168,628.787,,0.04,0
138,2021-07-27 13:15:00+05:30,759.6,759.6,724.7,724.7,4000,105200,713.8453527349964,1,713.8453527349964,,685.5407054699926,1,685.5407054699926,,658.996590909091,702.1091216216216,634.2255200000001,,0.04,0
139,2021-07-27 13:45:00+05:30,717.1,757.6,717.1,752.85,650,104400,713.8453527349964,1,713.8453527349964,,685.5407054699926,1,685.5407054699926,,660.5613636363637,703.2585703865792,639.4464992000001,,0.04,0
140,2021-07-27 14:15:00+05:30,752.85,768.75,752.7,752.7,2050,105700,732.677708131834,1,732.677708131834,,704.630416263668,1,704.630416263668,,662.4409090909091,707.7695113788488,644.4586392320001,,0.06,0
141,2021-07-27 14:45:00+05:30,752.7,753.15,733.9,739.75,2750,106400,732.677708131834,1,732.677708131834,,704.630416263668,1,704.630416263668,,663.9829545454545,711.2005123568415,651.91612087808,,0.06,0
142,2021-07-27 15:15:00+05:30,739.75,741.05,737.85,741.0,1150,107500,732.677708131834,1,732.677708131834,,704.630416263668,1,704.630416263668,,665.4147727272727,712.3491608796297,658.9261536253953,,0.06,0
143,2021-07-28 09:15:00+05:30,766.5,822.7,766.5,816.7,4250,109300,762.8538920013882,1,762.8538920013882,,731.1077840027764,1,731.1077840027764,,668.6352272727273,801.9666666666667,665.5155844078715,,0.08,0
144,2021-07-28 09:45:00+05:30,816.7,830.0,809.6,819.25,3350,110425,789.6747645726184,1,789.6747645726184,,759.5495291452369,1,759.5495291452369,,671.8454545454546,809.746600877193,678.0903376552418,,0.1,0
145,2021-07-28 10:15:00+05:30,819.25,903.85,819.25,903.85,6450,114475,823.6426553479586,1,823.6426553479586,,785.7353106959173,1,785.7353106959173,,676.5056818181819,840.0011862396204,693.2813038897176,,0.12000000000000001,0
146,2021-07-28 10:45:00+05:30,903.85,951.45,878.0,878.0,4350,116575,871.7401331553931,1,871.7401331553931,,828.7552663107863,1,828.7552663107863,,681.2102272727273,854.7727807971015,718.5495474229515,,0.14,0
147,2021-07-28 11:15:00+05:30,878.0,893.0,860.15,889.85,1800,117075,871.7401331553931,1,871.7401331553931,,828.7552663107863,1,828.7552663107863,,686.3204545454545,857.1098597359737,751.1556107837383,,0.14,0
148,2021-07-28 11:45:00+05:30,889.85,889.85,850.0,850.0,1600,117775,911.2210246205275,-1,,911.2210246205275,828.7552663107863,1,828.7552663107863,,689.7249999999999,857.5629587155963,779.1968252740149,,0.14,0
149,2021-07-28 12:15:00+05:30,850.0,850.0,829.5,832.85,3800,120725,878.0751639604522,-1,,878.0751639604522,828.7552663107863,1,828.7552663107863,,693.653409090909,854.57744140625,803.3122697356529,,0.14,0
150,2021-07-28 12:45:00+05:30,832.85,832.85,819.75,819.75,600,121025,861.0215691089589,-1,,861.0215691089589,895.7431382179179,-1,,895.7431382179179,696.9431818181818,853.8798664122137,,951.45,0.02,1
151,2021-07-28 13:15:00+05:30,819.75,821.1,783.65,786.95,3300,122375,837.4863449505362,-1,,837.4863449505362,872.5976899010725,-1,,872.5976899010725,699.7272727272726,847.5431355932203,,948.816,0.04,0
152,2021-07-28 13:45:00+05:30,786.95,795.0,774.25,788.4,1950,124425,817.6847242433169,-1,,817.6847242433169,850.7444484866336,-1,,850.7444484866336,702.4636363636363,843.7200317965024,,942.2093600000001,0.06,0
153,2021-07-28 14:15:00+05:30,788.4,822.0,788.4,821.1,750,124825,772.0630935057285,1,772.0630935057285,,850.7444484866336,-1,,850.7444484866336,706.0795454545454,842.9462732919254,,932.1317984000001,0.06,0
154,2021-07-28 14:45:00+05:30,821.1,821.1,759.8,776.45,2000,125725,772.0630935057285,1,772.0630935057285,,850.7444484866336,-1,,850.7444484866336,708.8068181818181,839.603411306043,,922.6588904960001,0.08,0
155,2021-07-28 15:15:00+05:30,776.45,779.65,771.2,776.0,550,126025,772.0630935057285,1,772.0630935057285,,841.5424952568887,-1,,841.5424952568887,712.0113636363635,838.5906714628298,,909.6301792563202,0.08,0
156,2021-07-29 09:15:00+05:30,730.05,763.2,719.95,740.45,1800,126675,777.9182122529523,-1,,777.9182122529523,814.2614245059048,-1,,814.2614245059048,714.5590909090909,741.2000000000002,,897.6437649158146,0.1,0
157,2021-07-29 09:45:00+05:30,740.45,740.45,727.4,731.7,450,126625,766.9406105025305,-1,,766.9406105025305,799.9562210050611,-1,,799.9562210050611,717.1886363636363,739.5966666666668,,879.8743884242331,0.1,0
158,2021-07-29 10:15:00+05:30,731.7,732.0,720.0,720.0,250,127000,756.0133804307405,-1,,756.0133804307405,786.026760861481,-1,,786.026760861481,719.415909090909,738.0370000000001,,863.8819495818097,0.1,0
159,2021-07-29 10:45:00+05:30,715.0,720.0,710.0,717.95,800,127400,742.1543260834918,-1,,742.1543260834918,769.3086521669837,-1,,769.3086521669837,721.3761363636363,732.6906565656567,,849.4887546236288,0.12000000000000001,0
160,2021-07-29 11:15:00+05:30,717.95,719.9,700.0,709.6,3050,129850,736.0679937858501,-1,,736.0679937858501,762.1859875717004,-1,,762.1859875717004,722.8272727272727,721.711942257218,,832.7501040687933,0.14,0
161,2021-07-29 11:45:00+05:30,709.6,722.2,709.6,721.4,1750,131050,736.0679937858501,-1,,736.0679937858501,762.1859875717004,-1,,762.1859875717004,724.4499999999999,720.8523662551441,,814.1650894991623,0.14,0
162,2021-07-29 12:15:00+05:30,721.4,729.95,715.1,717.15,3100,133500,736.0679937858501,-1,,736.0679937858501,762.1859875717004,-1,,762.1859875717004,726.4306818181818,720.8194196428573,,798.1819769692795,0.14,0
163,2021-07-29 12:45:00+05:30,717.15,720.0,705.9,709.5,3800,135950,734.552585007999,-1,,734.552585007999,756.1551700159979,-1,,756.1551700159979,728.4647727272727,718.5345000000001,,784.4365001935804,0.14,0
164,2021-07-29 13:15:00+05:30,709.5,714.45,704.25,705.0,8150,144450,729.3236442925705,-1,,729.3236442925705,749.2972885851411,-1,,749.2972885851411,730.3272727272728,714.79060475162,,772.6153901664792,0.14,0
165,2021-07-29 13:45:00+05:30,705.0,714.0,701.7,713.4,2000,145600,726.7274093936319,-1,,726.7274093936319,745.6048187872638,-1,,745.6048187872638,731.971590909091,714.3857852882704,,762.4492355431721,0.14,0
166,2021-07-29 14:15:00+05:30,713.4,721.1,710.0,721.0,1500,146525,726.7274093936319,-1,,726.7274093936319,745.6048187872638,-1,,745.6048187872638,733.7,714.553564727955,,753.706342567128,0.14,0
167,2021-07-29 14:45:00+05:30,721.0,725.0,707.5,721.0,950,146700,726.7274093936319,-1,,726.7274093936319,745.6048187872638,-1,,745.6048187872638,735.5579545454547,714.6664553140097,,746.18745460773,0.14,0
168,2021-07-29 15:15:00+05:30,721.0,721.0,710.0,710.45,500,146800,726.7274093936319,-1,,726.7274093936319,745.6048187872638,-1,,745.6048187872638,737.0681818181819,714.651334519573,,739.7212109626479,0.14,0
169,2021-07-30 09:15:00+05:30,738.35,741.5,714.0,714.35,950,147100,726.7274093936319,-1,,726.7274093936319,745.6048187872638,-1,,745.6048187872638,738.6670454545455,723.2833333333333,700.0,,0.02,1
170,2021-07-30 09:45:00+05:30,714.35,723.9,709.0,714.65,800,147800,726.7274093936319,-1,,726.7274093936319,745.6048187872638,-1,,745.6048187872638,740.1738636363638,719.885238095238,700.83,,0.02,0
171,2021-07-30 10:15:00+05:30,714.65,725.35,711.15,716.75,3800,148150,726.7274093936319,-1,,726.7274093936319,745.6048187872638,-1,,745.6048187872638,741.6454545454546,718.4232732732733,701.6434,,0.02,0
172,2021-07-30 10:45:00+05:30,716.75,733.0,714.65,718.0,1900,147900,726.7274093936319,-1,,726.7274093936319,745.6048187872638,-1,,745.6048187872638,743.0375000000001,719.3057046979866,702.4405320000001,,0.02,0
173,2021-07-30 11:15:00+05:30,717.25,718.0,712.0,713.4,300,147900,726.7274093936319,-1,,726.7274093936319,745.6048187872638,-1,,745.6048187872638,744.0204545454546,719.1183870967742,703.2217213600001,,0.02,0
174,2021-07-30 11:45:00+05:30,713.4,713.4,707.85,707.85,400,147900,725.2064887102055,-1,,725.2064887102055,739.7879774204108,-1,,739.7879774204108,745.5829545454548,718.6561349693252,703.9872869328001,,0.02,0
175,2021-07-30 12:15:00+05:30,707.85,713.2,706.5,709.5,1500,147850,723.3055617516047,-1,,723.3055617516047,736.7611235032093,-1,,736.7611235032093,747.2647727272729,717.269170984456,704.7375411941441,,0.02,0
176,2021-07-30 12:45:00+05:30,709.5,715.6,702.0,715.6,600,147650,722.2761957870897,-1,,722.2761957870897,735.7523915741793,-1,,735.7523915741793,749.2125000000001,716.9060975609756,,741.5,0.02,1
177,2021-07-30 13:15:00+05:30,715.6,716.8,687.15,690.6,2150,147650,717.7617392460768,-1,,717.7617392460768,733.5484784921537,-1,,733.5484784921537,750.1352272727273,713.6598118279569,,740.71,0.04,0
178,2021-07-30 13:45:00+05:30,690.6,690.6,665.75,672.0,2500,148275,695.2564907823515,-1,,695.2564907823515,712.3379815647032,-1,,712.3379815647032,750.3522727272727,707.3606263982102,,738.5676000000001,0.06,0
179,2021-07-30 14:15:00+05:30,672.0,688.15,664.35,688.15,900,148425,694.2912778134443,-1,,694.2912778134443,712.3325556268885,-1,,712.3325556268885,751.0329545454545,705.8144514767931,,734.1985440000001,0.08,0
180,2021-07-30 14:45:00+05:30,688.15,745.0,685.85,744.3,3500,148575,691.5110475884763,1,691.5110475884763,,667.5970951769527,1,667.5970951769527,,751.6704545454545,709.3027633851467,664.35,,0.02,1
181,2021-07-30 15:15:00+05:30,744.3,744.3,730.0,730.55,400,148425,714.6094693615512,1,714.6094693615512,,692.0689387231023,1,692.0689387231023,,751.0102272727273,709.8235194585448,664.35,,0.02,0
182,2021-08-02 09:15:00+05:30,689.7,689.7,658.15,666.15,4350,149425,703.5883119758132,-1,,703.5883119758132,733.2516239516265,-1,,733.2516239516265,749.6795454545455,671.3333333333334,,745.0,0.02,1
183,2021-08-02 09:45:00+05:30,666.15,666.15,657.95,662.0,1550,149525,688.6471245506971,-1,,688.6471245506971,715.2442491013941,-1,,715.2442491013941,747.6147727272728,668.8901129943503,,744.3,0.04,0
184,2021-08-02 10:15:00+05:30,662.0,662.65,653.9,653.9,1200,149525,682.3225353291689,-1,,682.3225353291689,706.3700706583378,-1,,706.3700706583378,745.3693181818181,666.8495305164319,,740.846,0.06,0
185,2021-08-02 10:45:00+05:30,653.9,654.15,645.0,645.9,2050,150125,671.4943159964306,-1,,671.4943159964306,693.413631992861,-1,,693.413631992861,743.2363636363636,662.7048269581056,,735.62924,0.08,0
186,2021-08-02 11:15:00+05:30,645.9,648.7,636.55,642.75,4150,151775,663.1486994255118,-1,,663.1486994255118,683.6723988510238,-1,,683.6723988510238,741.0034090909091,656.4523182957392,,728.3789008,0.1,0
187,2021-08-02 11:45:00+05:30,642.75,647.9,641.3,641.45,2750,151325,663.1345995075815,-1,,663.1345995075815,681.6691990151631,-1,,681.6691990151631,737.0204545454545,654.2416407061266,,719.19601072,0.1,0
188,2021-08-02 12:15:00+05:30,641.45,641.45,633.75,634.7,6350,151475,654.5867995779271,-1,,654.5867995779271,671.5735991558543,-1,,671.5735991558543,732.8261363636365,649.2499999999999,,710.931409648,0.12000000000000001,0
189,2021-08-02 12:45:00+05:30,634.7,637.95,634.7,637.0,1050,150775,651.3493996382233,-1,,651.3493996382233,666.3737992764466,-1,,666.3737992764466,726.7613636363637,648.681343283582,,701.66964049024,0.12000000000000001,0
190,2021-08-02 13:15:00+05:30,637.0,650.1,631.5,632.35,1550,150725,651.3493996382233,-1,,651.3493996382233,666.3737992764466,-1,,666.3737992764466,721.1784090909091,648.0180666666665,,693.5192836314112,0.14,0
191,2021-08-02 13:45:00+05:30,632.35,633.5,624.45,629.45,950,151125,643.5837425913477,-1,,643.5837425913477,658.1924851826953,-1,,658.1924851826953,715.2602272727273,647.3267180475273,,684.8365839230137,0.16,0
192,2021-08-02 14:15:00+05:30,629.45,648.3,625.7,646.65,4600,151325,621.2496492074163,1,621.2496492074163,,658.1924851826953,-1,,658.1924851826953,710.6386363636365,646.2561374795417,,675.1747304953315,0.16,0
193,2021-08-02 14:45:00+05:30,646.65,656.5,625.6,627.6,4000,152875,623.1354136063568,1,623.1354136063568,,658.1924851826953,-1,,658.1924851826953,705.9738636363637,645.1343463579354,,667.0587736160784,0.16,0
194,2021-08-02 15:15:00+05:30,627.6,627.6,622.0,622.05,1000,152425,640.9553597659798,-1,,640.9553597659798,657.1107195319597,-1,,657.1107195319597,701.4806818181819,644.5365682137834,,660.2413698375059,0.18,0
195,2021-08-03 09:15:00+05:30,625.9,625.9,601.2,602.6,4850,154525,630.9260226565541,-1,,630.9260226565541,648.3020453131082,-1,,648.3020453131082,697.2909090909092,609.9,,656.5,0.19999999999999998,0
196,2021-08-03 09:45:00+05:30,602.6,602.6,570.0,570.0,11650,162175,605.8508765627606,-1,,605.8508765627606,625.4017531255214,-1,,625.4017531255214,692.3272727272728,589.4007070707072,,645.44,0.2,0
197,2021-08-03 10:15:00+05:30,570.0,581.0,570.0,570.05,6450,164975,593.8293227680806,-1,,593.8293227680806,612.1586455361612,-1,,612.1586455361612,686.621590909091,584.9834059549746,,630.3520000000001,0.2,0
198,2021-08-03 10:45:00+05:30,570.05,576.35,569.4,576.35,2850,166175,589.5787052297834,-1,,589.5787052297834,606.2824104595668,-1,,606.2824104595668,682.0738636363636,583.7738049095608,,618.2816,0.2,0
199,2021-08-03 11:15:00+05:30,576.35,576.35,557.05,561.45,3200,164725,583.7746044826715,-1,,583.7746044826715,600.849208965343,-1,,600.849208965343,677.1977272727273,581.6966954022989,,608.50528,0.2,0
200,2021-08-03 11:45:00+05:30,561.45,566.95,553.3,554.6,5250,165275,576.7103752708613,-1,,576.7103752708613,593.2957505417226,-1,,593.2957505417226,672.9738636363636,578.1077858880778,,598.214224,0.2,0
201,2021-08-03 12:15:00+05:30,554.6,554.95,538.6,540.3,10000,166725,563.3267502321669,-1,,563.3267502321669,579.8785004643337,-1,,579.8785004643337,668.6238636363636,570.5391713747647,,589.2313792,0.2,0
202,2021-08-03 12:45:00+05:30,540.3,540.3,525.2,532.4,8200,164975,549.0943573418573,-1,,549.0943573418573,565.4387146837145,-1,,565.4387146837145,664.3602272727272,564.6129965046076,,579.10510336,0.2,0
203,2021-08-03 13:15:00+05:30,531.8,536.35,527.0,528.5,3300,166125,547.0201634358776,-1,,547.0201634358776,562.3653268717553,-1,,562.3653268717553,660.0545454545454,562.6006576980568,,568.3240826880001,0.2,0
204,2021-08-03 13:45:00+05:30,528.5,536.8,521.55,522.25,1600,166625,544.5065686593236,-1,,544.5065686593236,559.8381373186473,-1,,559.8381373186473,655.7965909090909,561.6037198488812,,559.6992661504,0.2,0
205,2021-08-03 14:15:00+05:30,522.25,532.55,484.95,485.6,9850,170325,528.6913445651346,-1,,528.6913445651346,548.6326891302692,-1,,548.6326891302692,650.4374999999999,552.7254712301589,,552.06941292032,0.2,0
206,2021-08-03 14:45:00+05:30,486.55,492.0,468.45,472.05,10100,175375,500.6818667701154,-1,,500.6818667701154,521.1387335402308,-1,,521.1387335402308,644.8670454545453,542.8965286761536,,538.645530336256,0.2,0
207,2021-08-03 15:15:00+05:30,472.05,472.05,459.2,464.8,12600,183075,484.9951715172418,-1,,484.9951715172418,504.3653430344835,-1,,504.3653430344835,639.3056818181817,532.0279384501298,,532.55,0.2,0
208,2021-08-04 09:15:00+05:30,420.05,420.05,398.35,399.9,50300,197250,435.29586130049296,-1,,435.29586130049296,461.3917226009859,-1,,461.3917226009859,632.3715909090907,406.1000000000001,,517.88,0.2,0
209,2021-08-04 09:45:00+05:30,399.9,403.25,393.6,395.55,13900,201900,422.17145254327966,-1,,422.17145254327966,445.9179050865593,-1,,445.9179050865593,625.1477272727271,404.2307892004155,,493.974,0.2,0
210,2021-08-04 10:15:00+05:30,395.55,396.55,380.05,383.75,12450,208950,411.01124503709684,-1,,411.01124503709684,433.7224900741937,-1,,433.7224900741937,617.4829545454544,401.3968580126115,,473.8992,0.2,0
211,2021-08-04 10:45:00+05:30,383.75,395.25,381.35,394.1,23250,216600,409.752495746083,-1,,409.752495746083,431.204991492166,-1,,431.204991492166,610.0534090909089,398.7987404070738,,455.12936,0.2,0
212,2021-08-04 11:15:00+05:30,394.1,408.95,388.4,408.05,20200,221275,409.752495746083,-1,,409.752495746083,431.204991492166,-1,,431.204991492166,603.1806818181816,399.303531779073,,440.113488,0.2,0
213,2021-08-04 11:45:00+05:30,408.05,420.65,395.0,395.15,11700,222875,409.752495746083,-1,,409.752495746083,431.204991492166,-1,,431.204991492166,595.9261363636361,399.68493297926153,,428.1007904,0.2,0
214,2021-08-04 12:15:00+05:30,395.15,405.0,390.0,401.5,6200,222825,409.752495746083,-1,,409.752495746083,431.204991492166,-1,,431.204991492166,588.8090909090907,399.646672705314,,420.65,0.2,0
215,2021-08-04 12:45:00+05:30,401.5,411.8,398.15,410.0,13250,227625,385.0678844286033,1,385.0678844286033,,431.204991492166,-1,,431.204991492166,581.8374999999997,400.2601873278237,,420.65,0.2,0
216,2021-08-04 13:15:00+05:30,410.0,410.0,393.45,393.45,10200,225725,385.0678844286033,1,385.0678844286033,,431.204991492166,-1,,431.204991492166,574.4613636363634,400.1784659853412,,412.53,0.2,0
217,2021-08-04 13:45:00+05:30,393.45,398.35,390.0,390.6,10000,231375,385.0678844286033,1,385.0678844286033,,429.8650473702156,-1,,429.8650473702156,567.1249999999998,399.75880237192575,,411.8,0.2,0
218,2021-08-04 14:15:00+05:30,390.6,397.0,380.8,391.45,11850,236475,385.0678844286033,1,385.0678844286033,,424.12004060304196,-1,,424.12004060304196,559.9340909090907,399.11175213675216,,410.0,0.2,0
219,2021-08-04 14:45:00+05:30,391.45,396.2,385.35,386.65,5900,237675,385.0678844286033,1,385.0678844286033,,424.06360623117877,-1,,424.06360623117877,552.5965909090908,398.80890151515155,,404.01,0.2,0
220,2021-08-04 15:15:00+05:30,386.65,393.45,385.25,391.95,5400,237075,385.0678844286033,1,385.0678844286033,,420.2259481981533,-1,,420.2259481981533,545.240909090909,398.57047362110313,,399.218,0.2,0
221,2021-08-05 09:15:00+05:30,388.0,406.0,377.85,386.7,12700,238825,385.0678844286033,1,385.0678844286033,,420.2259481981533,-1,,420.2259481981533,538.3340909090908,390.18333333333334,377.85,,0.02,1
222,2021-08-05 09:45:00+05:30,386.7,398.6,377.0,394.05,6850,239025,385.0678844286033,1,385.0678844286033,,420.2259481981533,-1,,420.2259481981533,532.0170454545454,390.0782182438192,,406.0,0.02,1
223,2021-08-05 10:15:00+05:30,394.05,403.45,388.0,394.6,5650,238225,385.0678844286033,1,385.0678844286033,,420.2259481981533,-1,,420.2259481981533,525.3454545454543,391.26018518518515,,406.0,0.02,0
224,2021-08-05 10:45:00+05:30,394.6,395.0,385.3,388.45,4050,239575,385.0678844286033,1,385.0678844286033,,420.2259481981533,-1,,420.2259481981533,517.2579545454545,391.0280056980057,,405.42,0.02,0
225,2021-08-05 11:15:00+05:30,388.45,390.0,377.25,378.05,3300,239875,399.51221583830664,-1,,399.51221583830664,415.3994316766133,-1,,415.3994316766133,509.2465909090908,390.0890681003584,,404.8516,0.02,0
226,2021-08-05 11:45:00+05:30,378.05,383.75,374.2,374.2,2350,239250,393.9568992899772,-1,,393.9568992899772,408.93879857995427,-1,,408.93879857995427,502.6113636363635,389.23352435530086,,404.294568,0.04,0
227,2021-08-05 12:15:00+05:30,374.2,379.45,367.35,367.35,6300,239400,387.9701993914089,-1,,387.9701993914089,402.5403987828179,-1,,402.5403987828179,495.9147727272726,386.50400485436893,,403.09078528000003,0.06,0
228,2021-08-05 12:45:00+05:30,367.35,370.6,346.5,346.8,22350,241100,374.4815994783506,-1,,374.4815994783506,390.4131989567011,-1,,390.4131989567011,488.93522727272705,375.29535798583794,,400.94633816320004,0.08,0
229,2021-08-05 13:15:00+05:30,346.8,352.9,346.25,350.0,4800,242650,364.180656695729,-1,,364.180656695729,378.78631339145807,-1,,378.78631339145807,482.210227272727,373.499049012436,,396.59063111014405,0.1,0
230,2021-08-05 13:45:00+05:30,350.0,359.55,344.35,347.6,7400,242975,364.180656695729,-1,,364.180656695729,378.78631339145807,-1,,378.78631339145807,475.50227272727244,371.2522772277228,,391.55656799912964,0.12000000000000001,0
231,2021-08-05 14:15:00+05:30,347.6,358.15,344.95,352.2,17700,248425,364.180656695729,-1,,364.180656695729,378.78631339145807,-1,,378.78631339145807,468.9284090909088,367.56158373461744,,385.89177983923406,0.12000000000000001,0
232,2021-08-05 14:45:00+05:30,352.2,362.85,350.1,361.0,7950,244675,364.180656695729,-1,,364.180656695729,378.78631339145807,-1,,378.78631339145807,462.70795454545424,366.81062623274164,,380.906766258526,0.12000000000000001,0
233,2021-08-05 15:15:00+05:30,361.0,367.75,358.6,367.75,9350,244375,349.6700099634882,1,349.6700099634882,,378.78631339145807,-1,,378.78631339145807,456.58863636363606,366.63243792325056,,376.51995430750287,0.12000000000000001,0
234,2021-08-06 09:15:00+05:30,363.35,371.0,350.0,365.7,10900,246875,349.6700099634882,1,349.6700099634882,,378.78631339145807,-1,,378.78631339145807,450.52840909090884,362.23333333333335,,372.65955979060254,0.12000000000000001,0
235,2021-08-06 09:45:00+05:30,365.7,366.2,345.0,352.2,14650,246475,349.6700099634882,1,349.6700099634882,,378.78631339145807,-1,,378.78631339145807,444.22727272727246,357.78003913894327,,371.0,0.12000000000000001,0
236,2021-08-06 10:15:00+05:30,352.2,382.0,347.1,371.6,20700,246575,346.2596855746748,1,346.2596855746748,,378.78631339145807,-1,,378.78631339145807,437.97613636363604,361.8618378378378,344.35,,0.02,1
237,2021-08-06 10:45:00+05:30,371.6,383.0,360.55,365.05,12350,240875,352.89044477829265,1,352.89044477829265,,378.78631339145807,-1,,378.78631339145807,432.0090909090906,363.4786120591581,345.0,,0.04,0
238,2021-08-06 11:15:00+05:30,365.05,380.25,365.0,380.25,8850,239375,354.25966695282233,1,354.25966695282233,,335.8943339056446,1,335.8943339056446,,426.51363636363607,365.0121818631084,346.52,,0.04,0
239,2021-08-06 11:45:00+05:30,380.25,383.0,361.85,365.65,6200,237475,354.25966695282233,1,354.25966695282233,,335.8943339056446,1,335.8943339056446,,421.12840909090886,365.44609640190083,347.9792,,0.04,0
240,2021-08-06 12:15:00+05:30,365.65,372.15,360.65,370.95,9450,235825,354.25966695282233,1,354.25966695282233,,335.8943339056446,1,335.8943339056446,,416.60454545454525,365.7270457280385,349.38003199999997,,0.04,0
241,2021-08-06 12:45:00+05:30,370.95,378.95,369.3,375.0,3150,236275,357.5530993055674,1,357.5530993055674,,340.9811986111348,1,340.9811986111348,,412.17159090909075,366.04440579710143,350.72483072,,0.04,0
242,2021-08-06 13:15:00+05:30,375.0,385.0,365.1,369.45,5250,236425,358.0026565476292,1,358.0026565476292,,340.9811986111348,1,340.9811986111348,,407.46931818181804,366.4540163934426,352.0158374912,,0.06,0
243,2021-08-06 13:45:00+05:30,369.45,379.0,368.85,374.75,11800,231525,358.0026565476292,1,358.0026565476292,,341.8009826530787,1,341.8009826530787,,403.2261363636362,367.3388431752178,353.994887241728,,0.06,0
244,2021-08-06 14:15:00+05:30,374.75,375.35,367.7,373.95,6550,231225,358.0026565476292,1,358.0026565476292,,341.80441370263884,1,341.80441370263884,,399.12045454545444,367.63664846002126,355.8551940072243,,0.06,0
245,2021-08-06 14:45:00+05:30,373.95,390.5,372.55,385.5,9100,232625,366.22332015827374,1,366.22332015827374,,350.92164031654755,1,350.92164031654755,,395.60227272727263,368.8005114193639,357.60388236679086,,0.08,0
246,2021-08-06 15:15:00+05:30,385.5,389.0,371.0,371.7,6250,234075,366.22332015827374,1,366.22332015827374,,350.92164031654755,1,350.92164031654755,,391.9499999999999,369.2214789669862,360.2355717774476,,0.08,0
247,2021-08-09 09:15:00+05:30,365.0,365.0,330.85,344.45,46150,244375,367.20684641432945,-1,,367.20684641432945,386.48869282865894,-1,,386.48869282865894,387.7670454545454,346.76666666666665,,390.5,0.02,1
248,2021-08-09 09:45:00+05:30,344.55,345.0,335.0,340.0,21300,250725,357.95586835513956,-1,,357.95586835513956,375.91173671027906,-1,,375.91173671027906,383.62499999999994,344.6298245614035,,389.307,0.02,0
249,2021-08-09 10:15:00+05:30,340.0,349.25,338.6,349.25,10900,247775,357.95586835513956,-1,,357.95586835513956,375.91173671027906,-1,,375.91173671027906,380.52613636363634,344.77870665815783,,388.13786,0.02,0
250,2021-08-09 10:45:00+05:30,349.25,356.65,343.65,347.0,10800,249525,357.95586835513956,-1,,357.95586835513956,375.91173671027906,-1,,375.91173671027906,377.68409090909086,345.30220601981677,,386.9921028,0.02,0
251,2021-08-09 11:15:00+05:30,347.0,352.9,344.05,352.9,1800,250125,357.95586835513956,-1,,357.95586835513956,375.91173671027906,-1,,375.91173671027906,375.14090909090913,345.39419094740697,,385.869260744,0.02,0
252,2021-08-09 11:45:00+05:30,352.9,368.35,352.9,364.2,16000,252925,345.319520871195,1,345.319520871195,,375.91173671027906,-1,,375.91173671027906,374.32954545454544,347.85103630980205,,384.76887552911995,0.02,0
253,2021-08-09 12:15:00+05:30,364.2,376.8,361.0,361.8,16000,253475,353.5238750324528,1,353.5238750324528,,375.91173671027906,-1,,375.91173671027906,373.5625,350.2822421038362,,383.69049801853754,0.02,0
254,2021-08-09 12:45:00+05:30,361.8,382.05,361.8,370.6,6050,252775,355.8526071706739,1,355.8526071706739,,375.91173671027906,-1,,375.91173671027906,373.26363636363635,351.2765568475452,,382.6336880581668,0.02,0
255,2021-08-09 13:15:00+05:30,370.6,403.7,369.25,393.85,14200,253375,367.7772347177205,1,367.7772347177205,,349.07946943544096,1,349.07946943544096,,373.25795454545454,355.01067853817506,330.85,,0.02,1
256,2021-08-09 13:45:00+05:30,393.85,409.0,374.35,376.6,12250,250875,370.6983440437604,1,370.6983440437604,,349.7216880875208,1,349.7216880875208,,372.5431818181818,357.5039669775919,332.307,,0.04,0
257,2021-08-09 14:15:00+05:30,376.6,386.9,369.75,375.0,12450,251725,370.6983440437604,1,370.6983440437604,,349.7216880875208,1,349.7216880875208,,372.08522727272725,358.96568890212427,335.37472,,0.04,0
258,2021-08-09 14:45:00+05:30,375.0,385.0,359.45,365.25,9250,248525,393.38642070254343,-1,,393.38642070254343,349.7216880875208,1,349.7216880875208,,371.26136363636357,359.53663091542006,338.31973120000004,,0.04,0
259,2021-08-09 15:15:00+05:30,365.25,365.25,360.1,363.0,2500,248675,381.54907488789434,-1,,381.54907488789434,349.7216880875208,1,349.7216880875208,,370.19318181818176,359.58181185638745,341.146941952,,0.04,0
260,2021-08-10 09:15:00+05:30,363.05,363.05,340.0,347.0,30150,255825,370.99563561819514,-1,,370.99563561819514,390.46627123639024,-1,,390.46627123639024,369.13749999999993,350.01666666666665,,409.0,0.02,1
261,2021-08-10 09:45:00+05:30,347.0,350.3,337.65,342.2,17400,256775,362.4712591013101,-1,,362.4712591013101,380.9675182026203,-1,,380.9675182026203,368.03749999999997,347.5893270241851,,407.62,0.04,0
262,2021-08-10 10:15:00+05:30,342.2,349.1,342.2,344.8,9700,258875,362.4712591013101,-1,,362.4712591013101,379.32930131653166,-1,,379.32930131653166,366.97727272727263,347.21273653566226,,404.8212,0.04,0
263,2021-08-10 10:45:00+05:30,344.8,344.85,323.2,340.3,26800,265925,351.5518434213707,-1,,351.5518434213707,369.07868684274143,-1,,369.07868684274143,365.92386363636354,343.6746678564346,,402.134352,0.06,0
264,2021-08-10 11:15:00+05:30,340.3,340.3,327.5,329.0,8950,270875,350.7515800754606,-1,,350.7515800754606,367.6031601509212,-1,,367.6031601509212,364.4931818181817,342.5768010752688,,397.39829088,0.06,0
265,2021-08-10 11:45:00+05:30,329.0,331.0,325.0,329.0,11600,272275,343.30135435039483,-1,,343.30135435039483,358.6027087007896,-1,,358.6027087007896,363.1818181818181,340.9972195666029,,392.9463934272,0.06,0
266,2021-08-10 12:15:00+05:30,329.0,333.85,326.5,327.0,15550,272225,343.30135435039483,-1,,343.30135435039483,358.5058931721054,-1,,358.5058931721054,361.65795454545446,339.459619919545,,388.761609821568,0.06,0
267,2021-08-10 12:45:00+05:30,327.0,338.0,327.0,334.0,15950,274425,343.30135435039483,-1,,343.30135435039483,358.5058931721054,-1,,358.5058931721054,360.2806818181817,338.70259613029634,,384.82791323227394,0.06,0
268,2021-08-10 13:15:00+05:30,334.0,338.0,331.35,336.75,9000,271075,343.30135435039483,-1,,343.30135435039483,358.5058931721054,-1,,358.5058931721054,359.10568181818167,338.495681139444,,381.1302384383375,0.06,0
269,2021-08-10 13:45:00+05:30,336.75,392.95,334.6,389.0,30200,273075,344.5499665813779,1,344.5499665813779,,325.32493316275577,1,325.32493316275577,,359.35454545454536,344.2992584141471,323.2,,0.02,1
270,2021-08-10 14:15:00+05:30,389.0,392.95,359.0,363.55,13600,273475,354.64639992689536,1,354.64639992689536,,333.3177998537907,1,333.3177998537907,,359.11249999999984,346.2815952002823,324.59499999999997,,0.02,0
271,2021-08-10 14:45:00+05:30,363.55,363.9,346.45,354.05,11600,271325,375.9495143483754,-1,,375.9495143483754,333.3177998537907,1,333.3177998537907,,358.8102272727271,346.7744305901912,325.96209999999996,,0.02,0
272,2021-08-10 15:15:00+05:30,354.05,360.1,350.6,358.65,5450,271375,374.5138694414647,-1,,374.5138694414647,333.3177998537907,1,333.3177998537907,,359.07954545454527,347.0304726066197,327.301858,,0.02,0
273,2021-08-11 09:15:00+05:30,336.3,365.0,332.3,356.6,33200,273175,369.74760237839826,-1,,369.74760237839826,333.3177998537907,1,333.3177998537907,,359.2295454545453,351.3,328.61482084,,0.02,0
274,2021-08-11 09:45:00+05:30,356.6,385.0,346.75,374.15,33250,278275,342.32705510423006,1,342.32705510423006,,333.3177998537907,1,333.3177998537907,,359.83295454545436,359.97318786054683,329.9015244232,,0.02,0
275,2021-08-11 10:15:00+05:30,374.15,399.2,362.05,381.45,15800,278425,355.1339043750543,1,355.1339043750543,,333.3177998537907,1,333.3177998537907,,360.4977272727271,363.9931712259372,331.162493934736,,0.04,0
276,2021-08-11 10:45:00+05:30,381.45,394.8,375.0,394.05,14700,277075,360.22191803576084,1,360.22191803576084,,335.5438360715217,1,335.5438360715217,,361.24886363636347,367.6256145779612,333.88399417734655,,0.04,0
277,2021-08-11 11:15:00+05:30,395.0,410.0,381.0,385.9,21350,277175,370.2045011735093,1,370.2045011735093,,344.9090023470186,1,344.9090023470186,,361.66136363636343,372.07868413637647,336.4966344102527,,0.06,0
278,2021-08-11 11:45:00+05:30,385.9,410.0,385.9,399.0,9000,274575,372.8252867201508,1,372.8252867201508,,347.70057344030164,1,347.70057344030164,,362.4181818181816,373.9325085100812,340.90683634563754,,0.06,0
279,2021-08-11 12:15:00+05:30,399.0,399.0,369.55,376.4,9350,274275,372.8252867201508,1,372.8252867201508,,347.70057344030164,1,347.70057344030164,,362.96818181818156,374.4605622636907,345.0524261648993,,0.06,0
280,2021-08-11 12:45:00+05:30,376.4,386.7,373.8,377.0,7750,270575,372.8252867201508,1,372.8252867201508,,347.70057344030164,1,347.70057344030164,,363.09090909090884,374.7131405817174,348.94928059500535,,0.06,0
281,2021-08-11 13:15:00+05:30,377.0,379.9,355.0,357.55,11200,270925,391.4996736689429,-1,,391.4996736689429,347.70057344030164,1,347.70057344030164,,362.9204545454543,373.9528116966581,352.612323759305,,0.06,0
282,2021-08-11 13:45:00+05:30,357.55,373.0,355.0,364.0,8750,270875,387.1854345733796,-1,,387.1854345733796,347.70057344030164,1,347.70057344030164,,362.5511363636361,373.4229236385762,,410.0,0.02,1
283,2021-08-11 14:15:00+05:30,364.0,372.65,362.0,367.85,2850,270025,387.1854345733796,-1,,387.1854345733796,347.70057344030164,1,347.70057344030164,,362.60113636363616,373.32196471291866,,408.9,0.02,0
284,2021-08-11 14:45:00+05:30,367.85,373.5,347.0,350.8,10550,269375,382.3739927477891,-1,,382.3739927477891,347.70057344030164,1,347.70057344030164,,362.1431818181816,372.35914205344585,,407.822,0.04,0
285,2021-08-11 15:15:00+05:30,350.8,350.8,347.9,350.3,4500,269125,368.72770806953355,-1,,368.72770806953355,347.70057344030164,1,347.70057344030164,,361.5818181818179,371.7988340192044,,405.38912,0.04,0
286,2021-08-12 09:15:00+05:30,344.05,345.95,329.8,338.0,40250,276325,357.4130354881716,-1,,357.4130354881716,376.9510709763432,-1,,376.9510709763432,360.8670454545452,337.9166666666667,,403.0535552,0.06,0
287,2021-08-12 09:45:00+05:30,338.0,338.0,326.25,328.0,30350,278325,350.55045898986134,-1,,350.55045898986134,368.97591797972274,-1,,368.97591797972274,359.8045454545452,334.83581208687445,,398.658341888,0.08,0
288,2021-08-12 10:15:00+05:30,328.0,332.15,321.75,325.0,23200,275025,344.22896484845256,-1,,344.22896484845256,361.5079296969052,-1,,361.5079296969052,358.69204545454517,332.7246090973703,,392.86567453696,0.1,0
289,2021-08-12 10:45:00+05:30,325.0,328.9,317.5,323.65,30250,289525,339.63911272724505,-1,,339.63911272724505,356.07822545449017,-1,,356.07822545449017,357.2863636363633,330.4385798737069,,385.754107083264,0.12000000000000001,0
290,2021-08-12 11:15:00+05:30,323.65,326.35,320.0,324.4,2800,290275,338.1728109090672,-1,,338.1728109090672,353.17062181813446,-1,,353.17062181813446,356.2113636363633,330.2872618578374,,377.5636142332723,0.12000000000000001,0
291,2021-08-12 11:45:00+05:30,324.4,324.4,314.65,316.8,11000,293725,333.7731236363433,-1,,333.7731236363433,348.02124727268665,-1,,348.02124727268665,355.5829545454542,329.3559847660501,,370.3559805252796,0.14,0
292,2021-08-12 12:15:00+05:30,316.8,321.4,311.75,318.4,12400,296125,330.1662488311514,-1,,330.1662488311514,343.75749766230285,-1,,343.75749766230285,355.0920454545451,328.3513865779257,,362.55714325174046,0.16,0
293,2021-08-12 12:45:00+05:30,318.4,320.75,315.0,320.0,11650,299075,330.1662488311514,-1,,330.1662488311514,342.8171408534024,-1,,342.8171408534024,354.42727272727234,327.64849701461816,,354.428000331462,0.16,0
294,2021-08-12 13:15:00+05:30,320.0,322.0,311.0,314.35,20150,308775,328.76091750860104,-1,,328.76091750860104,341.0218350172021,-1,,341.0218350172021,353.6852272727269,326.3352146846105,,347.5995202784281,0.18,0
295,2021-08-12 13:45:00+05:30,314.35,318.4,311.25,317.85,10500,312225,326.35578643594374,-1,,326.35578643594374,337.8865728718875,-1,,337.8865728718875,352.888636363636,325.76253354107166,,341.01160662831103,0.18,0
296,2021-08-12 14:15:00+05:30,319.9,321.0,311.35,313.25,14200,313475,326.35578643594374,-1,,326.35578643594374,337.8865728718875,-1,,337.8865728718875,351.73068181818144,325.0370777912133,,335.609517435215,0.18,0
297,2021-08-12 14:45:00+05:30,313.25,315.7,305.1,309.15,28500,317975,321.56751656518315,-1,,321.56751656518315,332.7350331303663,-1,,332.7350331303663,350.53409090909054,323.21335104498763,,331.17980429687634,0.19999999999999998,0
298,2021-08-12 15:15:00+05:30,309.15,310.8,293.8,301.25,31550,318525,314.30072848444274,-1,,314.30072848444274,326.3014569688854,-1,,326.3014569688854,348.9579545454542,320.6988880559721,,325.96384343750105,0.2,0
299,2021-08-13 09:15:00+05:30,294.15,296.55,275.0,275.0,82850,347025,299.81133870095084,-1,,299.81133870095084,313.84767740190176,-1,,313.84767740190176,346.2568181818178,282.18333333333334,,319.53107475000087,0.2,0
300,2021-08-13 09:45:00+05:30,275.0,280.95,272.15,275.55,39700,366775,289.8382903151007,-1,,289.8382903151007,303.1265806302015,-1,,303.1265806302015,343.96022727272685,280.2504351965184,,310.8,0.2,0
301,2021-08-13 10:15:00+05:30,275.55,280.0,272.0,274.25,40150,385975,288.53282027008635,-1,,288.53282027008635,301.06564054017275,-1,,301.06564054017275,341.6704545454541,279.0575906576521,,303.07,0.2,0
302,2021-08-13 10:45:00+05:30,274.25,275.3,270.95,272.05,34500,403975,284.48884594578834,-1,,284.48884594578834,295.8526918915766,-1,,295.8526918915766,339.5522727272723,277.95699797160245,,296.856,0.2,0
303,2021-08-13 11:15:00+05:30,272.05,273.65,267.0,267.25,61750,424925,281.01543938210426,-1,,281.01543938210426,291.70587876420853,-1,,291.70587876420853,337.3761363636359,275.8926240586986,,291.6748,0.2,0
304,2021-08-13 11:45:00+05:30,267.25,272.0,262.3,270.55,95700,464125,277.69894804180365,-1,,277.69894804180365,288.2478960836073,-1,,288.2478960836073,335.6386363636359,273.8393063583815,,286.73984,0.2,0
305,2021-08-13 12:15:00+05:30,270.55,273.0,263.55,265.9,58650,481075,277.69894804180365,-1,,277.69894804180365,288.2478960836073,-1,,288.2478960836073,333.904545454545,272.9373518025647,,281.851872,0.2,0
306,2021-08-13 12:45:00+05:30,265.9,271.7,262.05,264.65,65350,504525,277.16096182663125,-1,,277.16096182663125,287.4469236532625,-1,,287.4469236532625,332.0829545454541,272.0084003621296,,277.9414976,0.2,0
307,2021-08-13 13:15:00+05:30,264.65,271.25,260.05,269.0,71250,514675,276.06653870854103,-1,,276.06653870854103,286.48307741708214,-1,,286.48307741708214,330.4624999999996,271.3292341031702,,274.76319808,0.2,0
308,2021-08-13 13:45:00+05:30,269.0,269.3,255.25,255.25,71500,535900,273.2106046073209,-1,,273.2106046073209,284.14620921464183,-1,,284.14620921464183,328.7863636363632,270.0179902907413,,271.820558464,0.2,0
309,2021-08-13 14:15:00+05:30,255.25,258.85,244.4,246.0,94500,568250,263.06266109198936,-1,,263.06266109198936,274.5003221839787,-1,,274.5003221839787,326.8999999999996,267.34258159891976,,271.25,0.2,0
310,2021-08-13 14:45:00+05:30,246.0,249.9,240.5,245.45,128850,606100,256.3465666502766,-1,,256.3465666502766,267.4931333005532,-1,,267.4931333005532,325.04659090909047,263.97787708394986,,269.3,0.2,0
311,2021-08-13 15:15:00+05:30,245.5,249.75,242.55,249.35,139050,663100,256.3465666502766,-1,,256.3465666502766,267.3155428290456,-1,,267.3155428290456,323.1227272727269,261.60885257843734,,263.54,0.2,0
312,2021-08-16 09:15:00+05:30,260.0,264.5,240.0,257.25,152700,698100,239.67905307326618,1,239.67905307326618,,267.3155428290456,-1,,267.3155428290456,321.3159090909087,253.91666666666666,240.0,,0.02,1
313,2021-08-16 09:45:00+05:30,257.25,261.2,237.7,242.1,95450,730050,239.67905307326618,1,239.67905307326618,,267.3155428290456,-1,,267.3155428290456,317.9772727272723,251.2561958492847,,264.5,0.02,1
314,2021-08-16 10:15:00+05:30,242.1,246.15,238.2,245.45,56900,741950,239.67905307326618,1,239.67905307326618,,267.3155428290456,-1,,267.3155428290456,315.29318181818144,249.76593454624924,,264.5,0.02,0
315,2021-08-16 10:45:00+05:30,245.45,246.1,228.65,232.95,80750,771350,251.22419689846794,-1,,251.22419689846794,265.0733937969359,-1,,265.0733937969359,312.54090909090877,246.8637204078106,,263.964,0.04,0
316,2021-08-16 11:15:00+05:30,232.35,236.7,228.1,235.8,77650,794050,245.4993116272582,-1,,245.4993116272582,258.59862325451644,-1,,258.59862325451644,309.7488636363633,244.63024418311934,,262.55144,0.06,0
317,2021-08-16 11:45:00+05:30,235.8,237.95,231.5,232.0,41150,800850,245.4993116272582,-1,,245.4993116272582,258.59862325451644,-1,,258.59862325451644,306.9170454545451,243.74839972255248,,260.4843536,0.06,0
318,2021-08-16 12:15:00+05:30,230.6,243.05,230.6,236.0,41600,802550,245.4993116272582,-1,,245.4993116272582,258.59862325451644,-1,,258.59862325451644,303.77727272727236,243.20015104357375,,258.54129238400003,0.06,0
319,2021-08-16 12:45:00+05:30,236.0,237.0,228.0,228.15,30650,804600,244.23630119967282,-1,,244.23630119967282,255.97260239934565,-1,,255.97260239934565,300.29318181818144,242.55457224581775,,256.71481484096,0.08,0
320,2021-08-16 13:15:00+05:30,228.15,233.8,227.05,233.8,36700,813350,241.44897245686244,-1,,241.44897245686244,252.47294491372486,-1,,252.47294491372486,296.651136363636,241.8963246679162,,254.4176296536832,0.1,0
321,2021-08-16 13:45:00+05:30,233.55,235.0,225.55,228.0,37900,829250,241.07411924873924,-1,,241.07411924873924,251.87323849747844,-1,,251.87323849747844,293.0624999999996,241.17610202880746,,251.6808666883149,0.12000000000000001,0
322,2021-08-16 14:15:00+05:30,228.0,232.0,220.1,220.1,49850,843650,237.00638792749078,-1,,237.00638792749078,247.96277585498154,-1,,247.96277585498154,288.99659090909057,239.95992442606584,,248.54516268571712,0.14,0
323,2021-08-16 14:45:00+05:30,220.1,225.2,217.9,222.9,92900,867375,231.98404679499208,-1,,231.98404679499208,242.41809358998418,-1,,242.41809358998418,285.5079545454542,237.8590972047343,,244.56283990971673,0.16,0
324,2021-08-16 15:15:00+05:30,222.9,230.95,222.15,230.0,54250,874525,231.98404679499208,-1,,231.98404679499208,242.41809358998418,-1,,242.41809358998418,282.1670454545451,237.20952324827624,,240.29678552416206,0.16,0
325,2021-08-17 09:15:00+05:30,234.9,239.0,216.1,225.55,153550,902575,231.98404679499208,-1,,231.98404679499208,242.41809358998418,-1,,242.41809358998418,279.1670454545451,226.88333333333335,216.1,,0.02,1
326,2021-08-17 09:45:00+05:30,225.55,236.0,223.9,232.25,84250,905075,217.92302009411577,1,217.92302009411577,,242.41809358998418,-1,,242.41809358998418,276.1727272727269,228.2414423885618,216.1,,0.02,0
327,2021-08-17 10:15:00+05:30,232.25,233.2,221.0,225.5,46050,916175,217.92302009411577,1,217.92302009411577,,242.41809358998418,-1,,242.41809358998418,272.9374999999996,227.96973753743174,216.1,,0.02,0
328,2021-08-17 10:45:00+05:30,225.5,227.95,222.5,226.25,34400,927750,217.92302009411577,1,217.92302009411577,,242.41809358998418,-1,,242.41809358998418,270.1068181818178,227.7099869075674,216.558,,0.02,0
329,2021-08-17 11:15:00+05:30,226.25,226.9,218.65,224.5,67100,946100,217.92302009411577,1,217.92302009411577,,242.41809358998418,-1,,242.41809358998418,267.24772727272693,226.95079365079363,217.00683999999998,,0.02,0
330,2021-08-17 11:45:00+05:30,224.5,250.0,223.9,240.35,120400,955700,224.04980593168432,1,224.04980593168432,,242.41809358998418,-1,,242.41809358998418,265.0284090909088,229.60103147141209,217.44670319999997,,0.04,0
331,2021-08-17 12:15:00+05:30,240.35,247.15,232.95,245.35,80450,968500,226.96411937001514,1,226.96411937001514,,213.87823874003027,1,213.87823874003027,,263.1499999999997,231.27750341180484,218.65,,0.04,0
332,2021-08-17 12:45:00+05:30,245.35,251.5,237.0,239.0,82500,979900,230.96210231715582,1,230.96210231715582,,217.67420463431165,1,217.67420463431165,,261.1954545454542,232.6620644534171,219.904,,0.06,0
333,2021-08-17 13:15:00+05:30,239.0,241.65,222.0,224.0,53500,986100,246.02176944243786,-1,,246.02176944243786,217.67420463431165,1,217.67420463431165,,258.9306818181815,232.4068321332964,221.79976,,0.06,0
334,2021-08-17 13:45:00+05:30,224.0,230.0,221.1,223.3,63000,1007850,238.99008809351818,-1,,238.99008809351818,217.67420463431165,1,217.67420463431165,,256.6329545454542,231.79650301409407,,251.5,0.02,1
335,2021-08-17 14:15:00+05:30,223.3,227.2,219.1,222.0,66250,1027350,235.82721836587268,-1,,235.82721836587268,217.67420463431165,1,217.67420463431165,,254.4784090909088,231.0939054945485,,250.892,0.04,0
336,2021-08-17 14:45:00+05:30,221.0,229.5,205.95,206.55,133150,1052800,231.95547288503374,-1,,231.95547288503374,246.18594577006752,-1,,246.18594577006752,251.93636363636332,228.78225252217482,,249.62032,0.06,0
337,2021-08-17 15:15:00+05:30,206.55,207.25,203.95,206.1,86950,1057450,218.26897675860036,-1,,218.26897675860036,230.93795351720073,-1,,230.93795351720073,249.34772727272696,226.91467267043066,,247.00010079999998,0.08,0
338,2021-08-18 09:15:00+05:30,206.1,206.1,180.0,184.15,259450,1144250,207.6376943645146,-1,,207.6376943645146,222.22538872902922,-1,,222.22538872902922,246.38863636363604,190.08333333333334,,243.55609273599998,0.1,0
339,2021-08-18 09:45:00+05:30,184.45,184.45,176.95,177.05,166300,1181500,194.27516659815535,-1,,194.27516659815535,207.85033319631074,-1,,207.85033319631074,243.18863636363602,185.94292229399102,,237.20048346239997,0.12000000000000001,0
340,2021-08-18 10:15:00+05:30,177.05,180.0,174.75,175.15,103800,1203850,189.76085708413316,-1,,189.76085708413316,202.14671416826636,-1,,202.14671416826636,240.04999999999964,184.11809870015423,,229.97042544691197,0.14,0
341,2021-08-18 10:45:00+05:30,175.15,182.9,175.05,182.6,74700,1220400,189.76085708413316,-1,,189.76085708413316,202.14671416826636,-1,,202.14671416826636,237.1738636363633,183.63166597710662,,222.2395658843443,0.14,0
342,2021-08-18 11:15:00+05:30,182.6,186.3,181.6,184.9,64900,1239950,189.76085708413316,-1,,189.76085708413316,202.14671416826636,-1,,202.14671416826636,234.52954545454512,183.69325387929962,,215.5910266605361,0.14,0
343,2021-08-18 11:45:00+05:30,184.9,191.85,182.9,190.5,90900,1248750,176.89717163214937,1,176.89717163214937,,202.14671416826636,-1,,202.14671416826636,232.60909090909055,184.25816174374495,,209.87328292806106,0.14,0
344,2021-08-18 12:15:00+05:30,191.15,194.95,185.15,193.9,56500,1256425,179.66900425612803,1,179.66900425612803,,202.14671416826636,-1,,202.14671416826636,230.75340909090875,184.74771804135287,,204.9560233181325,0.14,0
345,2021-08-18 12:45:00+05:30,193.9,214.8,192.6,210.95,245300,1261725,191.63057507668117,1,191.63057507668117,,179.56115015336232,1,179.56115015336232,,229.3147727272724,189.6841997457268,174.75,,0.02,1
346,2021-08-18 13:15:00+05:30,210.95,215.0,200.55,208.6,96450,1276125,195.36549292286958,1,195.36549292286958,,182.95598584573915,1,182.95598584573915,,227.87272727272696,191.21349391349392,175.551,,0.04,0
347,2021-08-18 13:45:00+05:30,208.85,213.85,203.0,211.9,90100,1287175,196.23827964817394,1,196.23827964817394,,184.05155929634785,1,184.05155929634785,,226.61477272727242,192.53928895653104,177.12895999999998,,0.04,0
348,2021-08-18 14:15:00+05:30,211.9,216.0,202.75,214.55,111800,1285975,197.03638255557766,1,197.03638255557766,,184.6977651111553,1,184.6977651111553,,225.34204545454514,194.06486423565164,178.6438016,,0.06,0
349,2021-08-18 14:45:00+05:30,214.55,216.35,200.0,204.6,134150,1298375,197.03638255557766,1,197.03638255557766,,184.6977651111553,1,184.6977651111553,,223.94886363636334,195.22457422959815,180.885173504,,0.08,0
350,2021-08-18 15:15:00+05:30,204.6,214.8,203.05,214.6,80850,1301525,197.03638255557766,1,197.03638255557766,,184.6977651111553,1,184.6977651111553,,222.81136363636335,196.02486668359575,183.72235962368,,0.08,0
351,2021-08-20 09:15:00+05:30,242.0,313.95,242.0,251.3,463750,1307275,252.85724090963492,1,252.85724090963492,,227.73948181926983,1,227.73948181926983,,222.40909090909062,269.0833333333333,186.3325708537856,,0.1,0
352,2021-08-20 09:45:00+05:30,251.3,267.45,243.05,260.9,200000,1318750,252.85724090963492,1,252.85724090963492,,227.73948181926983,1,227.73948181926983,,222.5374999999997,265.4825800376648,199.09431376840703,,0.1,0
353,2021-08-20 10:15:00+05:30,260.9,280.0,251.3,273.0,261700,1347075,252.85724090963492,1,252.85724090963492,,227.73948181926983,1,227.73948181926983,,223.15113636363606,266.22273758711975,210.57988239156634,,0.1,0
354,2021-08-20 10:45:00+05:30,273.0,288.35,270.45,282.9,183800,1339875,254.9500409226855,1,254.9500409226855,,230.50008184537103,1,230.50008184537103,,224.0022727272724,268.5994913980918,220.9168941524097,,0.1,0
355,2021-08-20 11:15:00+05:30,282.9,282.9,260.0,267.0,466150,1486200,254.9500409226855,1,254.9500409226855,,230.50008184537103,1,230.50008184537103,,224.40340909090875,269.00402913545764,230.22020473716873,,0.1,0
356,2021-08-20 11:45:00+05:30,268.0,272.8,264.55,264.9,124750,1497900,254.9500409226855,1,254.9500409226855,,230.50008184537103,1,230.50008184537103,,224.5772727272724,268.88755501965517,238.59318426345186,,0.1,0
357,2021-08-20 12:15:00+05:30,264.9,274.0,260.4,265.95,89750,1497300,254.9500409226855,1,254.9500409226855,,230.50008184537103,1,230.50008184537103,,225.11931818181785,268.782044155167,246.12886583710667,,0.1,0
358,2021-08-20 12:45:00+05:30,265.95,288.0,265.0,281.3,106000,1514475,255.42546981915888,1,255.42546981915888,,234.35093963831775,1,234.35093963831775,,225.93409090909054,269.30301220176875,252.910979253396,,0.1,0
359,2021-08-20 13:15:00+05:30,281.3,287.55,264.4,283.5,100650,1528525,255.42546981915888,1,255.42546981915888,,234.35093963831775,1,234.35093963831775,,227.08295454545416,269.76581018924315,259.0148813280564,,0.1,0
360,2021-08-20 13:45:00+05:30,283.5,288.0,264.8,268.1,81350,1535325,255.42546981915888,1,255.42546981915888,,234.35093963831775,1,234.35093963831775,,227.8170454545451,269.91722412050626,264.4,,0.1,0
361,2021-08-20 14:15:00+05:30,268.1,275.0,248.3,272.15,178850,1570525,255.42546981915888,1,255.42546981915888,,234.35093963831775,1,234.35093963831775,,228.7295454545451,269.53941619585686,,313.95,0.02,1
362,2021-08-20 14:45:00+05:30,272.75,276.75,255.2,267.85,237850,1651225,255.42546981915888,1,255.42546981915888,,234.35093963831775,1,234.35093963831775,,229.45340909090874,269.2591547743125,,312.637,0.02,0
363,2021-08-20 15:15:00+05:30,267.85,285.0,267.85,280.0,250600,1645300,255.42546981915888,1,255.42546981915888,,234.35093963831775,1,234.35093963831775,,230.63181818181783,270.0220836976055,,311.35026,0.02,0
364,2021-08-23 09:15:00+05:30,217.0,225.0,206.0,224.05,596550,1622675,244.5118163360277,-1,,244.5118163360277,273.5236326720554,-1,,273.5236326720554,230.41022727272693,218.35,,310.0892548,0.04,0
365,2021-08-23 09:45:00+05:30,224.0,249.8,221.0,243.65,461500,1748400,244.5118163360277,-1,,244.5118163360277,273.5236326720554,-1,,273.5236326720554,230.76590909090874,226.98635934029582,,305.925684608,0.04,0
366,2021-08-23 10:15:00+05:30,243.85,293.15,239.35,267.75,357500,1720950,233.7229512633266,1,233.7229512633266,,273.5236326720554,-1,,273.5236326720554,231.84886363636326,237.02874677687117,,301.92865722368,0.04,0
367,2021-08-23 10:45:00+05:30,265.05,295.0,247.8,264.6,180650,1680900,236.77681536856562,1,236.77681536856562,,273.5236326720554,-1,,273.5236326720554,232.79659090909055,240.6621846677526,,298.09151093473275,0.04,0
368,2021-08-23 11:15:00+05:30,264.5,273.6,251.0,258.9,134150,1713100,236.77681536856562,1,236.77681536856562,,273.5236326720554,-1,,273.5236326720554,233.45340909090874,242.25184933683937,,295.0,0.04,0
369,2021-08-23 11:45:00+05:30,257.6,260.6,234.0,236.85,103050,1733925,236.77681536856562,1,236.77681536856562,,273.5236326720554,-1,,273.5236326720554,233.71022727272694,242.33980309806915,,295.0,0.04,0
370,2021-08-23 12:15:00+05:30,237.6,250.75,235.25,249.65,86300,1752675,236.77681536856562,1,236.77681536856562,,273.5236326720554,-1,,273.5236326720554,234.10568181818147,242.46913232970428,,291.44,0.04,0
371,2021-08-23 12:45:00+05:30,249.65,256.0,240.45,242.25,80050,1777625,236.77681536856562,1,236.77681536856562,,273.5236326720554,-1,,273.5236326720554,234.4863636363633,242.61981330999706,,288.0224,0.04,0
372,2021-08-23 13:15:00+05:30,242.25,243.0,227.3,229.75,109600,1792125,261.078380061524,-1,,261.078380061524,273.5236326720554,-1,,273.5236326720554,234.56590909090875,242.13816183500444,,284.741504,0.04,0
373,2021-08-23 13:45:00+05:30,229.85,236.3,221.35,226.9,120450,1808575,253.18504005273485,-1,,253.18504005273485,273.5236326720554,-1,,273.5236326720554,234.6204545454542,241.3843457559721,,281.59184384,0.04,0
374,2021-08-23 14:15:00+05:30,226.9,243.0,225.85,231.2,109150,1834975,253.18504005273485,-1,,253.18504005273485,273.5236326720554,-1,,273.5236326720554,234.41249999999965,241.00941305571587,,278.5681700864,0.04,0
375,2021-08-23 14:45:00+05:30,230.0,244.2,229.0,238.25,96750,1845600,253.18504005273485,-1,,253.18504005273485,273.5236326720554,-1,,273.5236326720554,234.25113636363602,240.8561108374047,,275.665443282944,0.04,0
376,2021-08-23 15:15:00+05:30,240.0,241.9,237.55,239.9,91800,1854750,253.18504005273485,-1,,253.18504005273485,273.5236326720554,-1,,273.5236326720554,234.27159090909055,240.81714704912625,,272.8788255516263,0.04,0
377,2021-08-24 09:15:00+05:30,213.9,232.55,206.3,211.25,496200,1786825,241.04478838331713,-1,,241.04478838331713,262.66457676663424,-1,,262.66457676663424,233.98181818181783,216.70000000000002,,270.20367252956123,0.04,0
378,2021-08-24 09:45:00+05:30,211.25,229.8,207.0,221.3,201400,1789075,240.18839004284325,-1,,240.18839004284325,261.97678008568647,-1,,261.97678008568647,233.93636363636327,217.46987767584102,,267.6355256283788,0.04,0
379,2021-08-24 10:15:00+05:30,221.3,221.3,207.0,210.85,97200,1805725,234.86862003672277,-1,,234.86862003672277,255.58724007344557,-1,,255.58724007344557,233.6829545454542,216.9293491024996,,265.17010460324366,0.04,0
380,2021-08-24 10:45:00+05:30,210.3,215.9,207.5,209.75,81600,1826425,230.6588171743338,-1,,230.6588171743338,249.6176343486676,-1,,249.6176343486676,233.7556818181815,216.38193366803594,,262.8033004191139,0.04,0
381,2021-08-24 11:15:00+05:30,209.8,210.95,200.8,207.75,119000,1850675,223.57541472085754,-1,,223.57541472085754,241.27582944171508,-1,,241.27582944171508,233.79318181818147,215.20054919295427,,260.53116840234935,0.06,0
382,2021-08-24 11:45:00+05:30,207.75,208.75,197.05,199.0,123350,1883275,219.7432126178779,-1,,219.7432126178779,236.5864252357558,-1,,236.5864252357558,234.1306818181815,213.7009936685289,,256.9472982982084,0.08,0
383,2021-08-24 12:15:00+05:30,199.0,200.0,192.25,195.0,94450,1889075,211.66918224389534,-1,,211.66918224389534,227.21336448779067,-1,,227.21336448779067,234.53863636363604,212.30347359599958,,252.15551443435174,0.1,0
384,2021-08-24 12:45:00+05:30,195.0,199.65,193.55,197.8,68300,1882550,210.7950133519103,-1,,210.7950133519103,224.9900267038206,-1,,224.9900267038206,235.05340909090876,211.48784562361817,,246.16496299091656,0.1,0
385,2021-08-24 13:15:00+05:30,197.95,199.5,184.35,186.7,104200,1896300,206.25644001592312,-1,,206.25644001592312,220.58788003184623,-1,,220.58788003184623,235.1465909090906,209.88581763729522,,240.77346669182492,0.12000000000000001,0
386,2021-08-24 13:45:00+05:30,186.7,190.0,180.5,182.05,131000,1927900,198.89123429936265,-1,,198.89123429936265,212.53246859872533,-1,,212.53246859872533,235.08181818181785,207.66584965165603,,234.00265068880594,0.14,0
387,2021-08-24 14:15:00+05:30,182.0,184.25,172.0,174.05,249250,1947050,191.56748654231086,-1,,191.56748654231086,205.0099730846217,-1,,205.0099730846217,234.70795454545421,203.30467217833652,,226.51227959237312,0.16,0
388,2021-08-24 14:45:00+05:30,173.5,175.4,167.9,172.6,151900,1962850,184.2435598934093,-1,,184.2435598934093,196.83711978681862,-1,,196.83711978681862,234.22386363636332,200.82259952551036,,217.79031485759342,0.18,0
389,2021-08-24 15:15:00+05:30,172.75,176.2,171.55,174.0,108400,1968550,184.2435598934093,-1,,184.2435598934093,196.79253124584451,-1,,196.79253124584451,233.38409090909056,199.38319021180345,,208.8100581832266,0.18,0
390,2021-08-25 09:15:00+05:30,162.8,169.2,155.7,165.3,194700,1990775,174.88608481964764,-1,,174.88608481964764,187.32216963929528,-1,,187.32216963929528,232.39999999999964,163.4,,201.4462477102458,0.19999999999999998,0
391,2021-08-25 09:45:00+05:30,165.3,169.3,159.15,164.0,157550,2003875,174.88608481964764,-1,,174.88608481964764,187.32216963929528,-1,,187.32216963929528,231.31136363636327,163.73545067423706,,192.29699816819664,0.19999999999999998,0
392,2021-08-25 10:15:00+05:30,164.15,166.45,159.1,160.95,123550,2025425,174.20457252055743,-1,,174.20457252055743,185.6341450411149,-1,,185.6341450411149,230.0931818181815,163.3280877819812,,184.9775985345573,0.19999999999999998,0
393,2021-08-25 10:45:00+05:30,160.95,162.95,159.0,160.8,57150,2029375,171.3360621604778,-1,,171.3360621604778,181.69712432095562,-1,,181.69712432095562,229.09772727272693,163.06950308033896,,179.12207882764585,0.19999999999999998,0
394,2021-08-25 11:15:00+05:30,160.8,171.95,151.15,169.65,186550,2045575,171.3360621604778,-1,,171.3360621604778,181.69712432095562,-1,,181.69712432095562,228.076136363636,163.37557910586054,,174.43766306211668,0.2,0
395,2021-08-25 11:45:00+05:30,169.65,175.65,159.7,166.05,113750,2045975,171.3360621604778,-1,,171.3360621604778,181.69712432095562,-1,,181.69712432095562,226.138636363636,163.88856385638562,151.15,,0.02,1
396,2021-08-25 12:15:00+05:30,166.6,166.8,158.9,163.25,53900,2058775,171.3360621604778,-1,,171.3360621604778,181.69712432095562,-1,,181.69712432095562,223.91931818181783,163.83356534971534,151.15,,0.02,0
397,2021-08-25 12:45:00+05:30,163.25,167.5,160.65,164.0,30700,2052325,171.3360621604778,-1,,171.3360621604778,181.69712432095562,-1,,181.69712432095562,221.4420454545451,163.84080459770112,151.64000000000001,,0.02,0
398,2021-08-25 13:15:00+05:30,164.0,164.0,156.8,160.1,44800,2060275,170.92900097339654,-1,,170.92900097339654,181.45800194679308,-1,,181.45800194679308,218.65113636363603,163.676021918662,152.1202,,0.02,0
399,2021-08-25 13:45:00+05:30,160.5,167.3,157.45,166.8,60200,2077425,170.92900097339654,-1,,170.92900097339654,181.45800194679308,-1,,181.45800194679308,216.37386363636327,163.6862614264066,152.590796,,0.02,0
400,2021-08-25 14:15:00+05:30,166.8,174.85,162.4,174.5,98800,2071725,157.9047135705658,1,157.9047135705658,,181.45800194679308,-1,,181.45800194679308,214.31931818181783,164.2937866833088,153.05198008000002,,0.02,0
401,2021-08-25 14:45:00+05:30,174.5,176.4,165.15,172.4,158050,2049925,159.97904020334212,1,159.97904020334212,,181.45800194679308,-1,,181.45800194679308,212.19318181818144,165.1611510510276,153.5039404784,,0.04,0
402,2021-08-25 15:15:00+05:30,173.2,173.6,166.65,168.35,70850,2052125,159.97904020334212,1,159.97904020334212,,181.45800194679308,-1,,181.45800194679308,209.62613636363602,165.39051620944554,154.41978285926402,,0.04,0
403,2021-08-26 09:15:00+05:30,178.05,179.05,164.3,167.4,161950,2067350,160.7851111698024,1,160.7851111698024,,181.45800194679308,-1,,181.45800194679308,206.98749999999964,170.25,155.29899154489345,,0.06,0
404,2021-08-26 09:45:00+05:30,167.25,168.25,162.15,165.3,119200,2059550,160.7851111698024,1,160.7851111698024,,181.45800194679308,-1,,181.45800194679308,204.65113636363597,168.12306894303157,156.72405205219985,,0.06,0
405,2021-08-26 10:15:00+05:30,165.3,165.5,161.05,164.55,76350,2052500,160.7851111698024,1,160.7851111698024,,181.45800194679308,-1,,181.45800194679308,202.20568181818143,167.17844988344987,158.06360892906787,,0.06,0
406,2021-08-26 10:45:00+05:30,164.55,166.25,162.0,165.75,75950,2068550,160.7851111698024,1,160.7851111698024,,181.42509322054045,-1,,181.42509322054045,199.88522727272687,166.73833006498248,159.3227923933238,,0.06,0
407,2021-08-26 11:15:00+05:30,165.75,167.85,162.4,167.3,58000,2079550,160.7851111698024,1,160.7851111698024,,181.42509322054045,-1,,181.42509322054045,197.32386363636323,166.6334910299454,160.50642484972437,,0.06,0
408,2021-08-26 11:45:00+05:30,166.8,173.7,165.6,171.15,95600,2089700,161.47037391898513,1,161.47037391898513,,181.42509322054045,-1,,181.42509322054045,196.12159090909051,167.20614797149588,161.6190393587409,,0.06,0
409,2021-08-26 12:15:00+05:30,171.15,179.25,168.0,177.85,149400,2071600,165.00674907341585,1,165.00674907341585,,181.42509322054045,-1,,181.42509322054045,194.62613636363596,168.79401068187474,162.4,,0.08,0
410,2021-08-26 12:45:00+05:30,177.7,188.9,170.25,171.95,185650,2074475,169.52364206292785,1,169.52364206292785,,181.42509322054045,-1,,181.42509322054045,192.44886363636326,170.45286574124282,163.74800000000002,,0.1,0
411,2021-08-26 13:15:00+05:30,172.0,177.05,168.0,172.0,104550,2083100,169.52364206292785,1,169.52364206292785,,181.42509322054045,-1,,181.42509322054045,190.3443181818178,170.6460624360785,166.2632,,0.1,0
412,2021-08-26 13:45:00+05:30,172.0,175.05,166.5,168.15,76700,2096725,180.48926297417546,-1,,180.48926297417546,181.42509322054045,-1,,181.42509322054045,188.2818181818178,170.5941994833915,,188.9,0.02,1
413,2021-08-26 14:15:00+05:30,168.15,179.55,166.1,177.2,142500,2114025,180.48926297417546,-1,,180.48926297417546,181.42509322054045,-1,,181.42509322054045,186.926136363636,171.01616165670023,,188.452,0.04,0
414,2021-08-26 14:45:00+05:30,177.55,179.2,163.15,165.45,204350,2113050,180.48926297417546,-1,,180.48926297417546,181.42509322054045,-1,,181.42509322054045,185.01249999999962,170.76963752126144,,187.55792,0.06,0
415,2021-08-26 15:15:00+05:30,165.45,170.9,161.0,170.9,133250,2105000,176.85869038606967,-1,,176.85869038606967,181.42509322054045,-1,,181.42509322054045,183.3909090909087,170.5029071542097,,186.0934448,0.08,0
416,2021-08-27 09:15:00+05:30,166.4,197.0,156.2,185.75,931050,2241600,161.421122526226,1,161.421122526226,,146.24224505245198,1,146.24224505245198,,182.3909090909087,179.65,156.2,,0.02,1
417,2021-08-27 09:45:00+05:30,185.55,185.75,167.2,167.55,240100,2286650,161.421122526226,1,161.421122526226,,146.24224505245198,1,146.24224505245198,,181.0420454545451,178.389175169705,156.2,,0.02,0
418,2021-08-27 10:15:00+05:30,167.55,167.55,158.05,161.5,213500,2322550,161.421122526226,1,161.421122526226,,146.24224505245198,1,146.24224505245198,,179.4579545454542,175.91865513547347,156.2,,0.02,0
419,2021-08-27 10:45:00+05:30,161.5,164.5,156.1,156.7,118400,2334100,174.16891409427168,-1,,174.16891409427168,146.24224505245198,1,146.24224505245198,,177.6045454545451,174.5937965026668,,197.0,0.02,1
420,2021-08-27 11:15:00+05:30,156.6,159.65,152.4,152.6,126600,2347050,168.94835493794716,-1,,168.94835493794716,146.24224505245198,1,146.24224505245198,,175.6204545454542,173.06258143364118,,196.182,0.04,0
421,2021-08-27 11:45:00+05:30,152.4,157.5,150.3,151.0,141300,2374725,166.00573280395471,-1,,166.00573280395471,146.24224505245198,1,146.24224505245198,,174.25113636363602,171.45651533546027,,194.43071999999998,0.06,0
422,2021-08-27 12:15:00+05:30,151.0,154.7,147.4,152.6,55450,2377975,162.4691995462469,-1,,162.4691995462469,146.24224505245198,1,146.24224505245198,,172.68977272727238,170.85265412833994,,191.78287679999997,0.08,0
423,2021-08-27 12:45:00+05:30,152.65,153.75,148.3,148.65,88250,2392225,161.5914567539259,-1,,161.5914567539259,146.24224505245198,1,146.24224505245198,,171.276136363636,169.90226890902605,,188.23224665599997,0.08,0
424,2021-08-27 13:15:00+05:30,148.65,152.4,144.7,148.5,147250,2393125,158.7069629319365,-1,,158.7069629319365,146.24224505245198,1,146.24224505245198,,169.88409090909056,168.37621247393184,,184.96566692351996,0.1,0
425,2021-08-27 13:45:00+05:30,148.45,153.8,146.0,150.45,113000,2407925,158.7069629319365,-1,,158.7069629319365,146.24224505245198,1,146.24224505245198,,168.58181818181782,167.42578011249563,,180.93910023116797,0.1,0
426,2021-08-27 14:15:00+05:30,150.45,150.8,141.75,146.65,106550,2405575,155.98521766427987,-1,,155.98521766427987,146.24224505245198,1,146.24224505245198,,167.39204545454507,166.44381825885588,,177.31519020805118,0.12000000000000001,0
427,2021-08-27 14:45:00+05:30,146.65,147.4,142.85,145.55,339950,2410725,154.0980437122399,-1,,154.0980437122399,163.07108742447977,-1,,163.07108742447977,166.26818181818146,163.69750991836426,,173.04736738308503,0.12000000000000001,0
428,2021-08-27 15:15:00+05:30,145.6,150.65,145.1,148.0,300900,2568800,154.0980437122399,-1,,154.0980437122399,163.07108742447977,-1,,163.07108742447977,165.13636363636326,162.07260633747393,,169.29168329711482,0.12000000000000001,0
429,2021-08-30 09:15:00+05:30,148.0,148.0,109.15,109.55,383150,2606025,141.397032115115,-1,,141.397032115115,154.21906423023003,-1,,154.21906423023003,163.38295454545417,122.23333333333332,,165.98668130146103,0.14,0
430,2021-08-30 09:45:00+05:30,109.4,109.75,105.9,106.8,210950,2617875,119.36531324152716,-1,,119.36531324152716,130.90562648305433,-1,,130.90562648305433,161.67272727272692,116.99597851091286,,158.0295459192565,0.16,0
431,2021-08-30 10:15:00+05:30,106.8,106.8,98.0,98.0,520800,2409375,113.548839921309,-1,,113.548839921309,124.69767984261799,-1,,124.69767984261799,159.9443181818178,109.49268170538464,,149.68881857217545,0.18,0
432,2021-08-30 10:45:00+05:30,98.0,101.3,97.0,99.65,262150,2422375,109.32043421826486,-1,,109.32043421826486,119.49086843652971,-1,,119.49086843652971,158.28636363636326,107.55546639555571,,140.38483122918387,0.19999999999999998,0
433,2021-08-30 11:15:00+05:30,99.65,102.25,98.65,101.75,118850,2421875,109.32043421826486,-1,,109.32043421826486,118.91360151702547,-1,,118.91360151702547,156.6443181818178,107.02536210085344,,131.7078649833471,0.19999999999999998,0
434,2021-08-30 11:45:00+05:30,101.75,102.6,97.5,98.4,118950,2465100,108.69154350729663,-1,,108.69154350729663,117.33308701459325,-1,,117.33308701459325,155.12386363636324,106.4710432341497,,124.76629198667767,0.19999999999999998,0
435,2021-08-30 12:15:00+05:30,98.4,99.0,93.5,93.7,106250,2468500,104.44275157768283,-1,,104.44275157768283,112.63550315536565,-1,,112.63550315536565,153.52613636363597,105.7875859430984,,119.21303358934213,0.2,0
436,2021-08-30 12:45:00+05:30,93.65,93.65,89.65,89.7,174300,2509600,99.25092992372814,-1,,99.25092992372814,106.85185984745627,-1,,106.85185984745627,151.90681818181778,104.42772721677042,,114.0704268714737,0.2,0
437,2021-08-30 13:15:00+05:30,89.7,90.4,86.55,89.95,181950,2458900,95.54008279176696,-1,,95.54008279176696,102.60516558353395,-1,,102.60516558353395,150.2965909090905,103.07353078040131,,109.18634149717896,0.2,0
438,2021-08-30 13:45:00+05:30,90.15,90.9,85.25,85.45,111100,2461550,94.93792810722884,-1,,94.93792810722884,101.80085621445767,-1,,101.80085621445767,148.38295454545414,102.26768679506804,,104.65907319774317,0.2,0
439,2021-08-30 14:15:00+05:30,85.45,87.0,81.55,81.65,338350,2505850,90.93608123476758,-1,,90.93608123476758,97.59716246953515,-1,,97.59716246953515,146.4647727272723,99.74121781172497,,100.77725855819453,0.2,0
440,2021-08-30 14:45:00+05:30,81.65,84.0,78.5,78.95,356850,2504850,87.74521248694363,-1,,87.74521248694363,94.24042497388727,-1,,94.24042497388727,144.54886363636322,97.35806587715798,,96.93180684655563,0.2,0
441,2021-08-30 15:15:00+05:30,79.25,79.6,75.0,77.95,326500,2601150,83.52446784595168,-1,,83.52446784595168,89.74893569190337,-1,,89.74893569190337,142.5931818181814,95.34002409025538,,93.2454454772445,0.2,0
